,density,alcohol,quality
0,1.001,8.8,6
1,0.994,9.5,6
2,0.9951,10.1,6
3,0.9956,9.9,6
4,0.9956,9.9,6
5,0.9951,10.1,6
6,0.9949,9.6,6
7,1.001,8.8,6
8,0.994,9.5,6
9,0.9938,11.0,6
10,0.9908,12.0,5
11,0.9947,9.7,5
12,0.992,10.8,5
13,0.9912,12.4,7
14,1.0002,9.7,5
15,0.9914,11.4,7
16,0.9928,9.6,6
17,0.9892,12.8,8
18,0.9917,11.3,6
19,0.9955,9.5,5
20,0.9892,12.8,8
21,0.9912,11.0,7
22,0.993,10.5,8
23,0.9937,9.3,5
24,0.9951,10.0,6
25,0.9955,10.4,6
26,0.993,10.0,6
27,0.9961,10.5,6
28,0.9914,11.6,6
29,0.9906,12.3,7
30,0.9974,10.0,6
31,0.9934,10.2,6
32,0.992,10.8,6
33,0.9939,9.0,6
34,0.9962,10.2,5
35,0.9905,12.8,5
36,0.9934,10.0,5
37,0.9906,11.2,6
38,0.9999,8.6,5
39,0.9999,8.6,5
40,0.9937,9.4,6
41,0.9937,9.4,6
42,0.9954,9.8,6
43,0.9934,9.5,6
44,0.9934,9.5,6
45,0.9931,10.0,7
46,0.994,9.8,4
47,0.9939,9.8,5
48,0.9954,9.8,6
49,0.995,9.8,5
50,0.9917,11.7,6
51,0.9914,11.0,7
52,0.991,10.9,7
53,0.9911,10.9,6
54,0.993,9.1,6
55,0.9908,11.0,6
56,0.9962,9.6,6
57,0.9972,8.9,6
58,0.9931,10.2,6
59,0.9926,9.9,6
61,0.9972,8.9,6
63,0.9931,10.2,6
64,0.9927,10.3,6
65,0.9934,9.1,5
66,0.9903,12.6,7
67,0.992,9.8,5
68,0.9926,10.7,8
69,0.9962,9.5,5
70,0.9956,9.0,6
71,0.9958,9.5,5
72,0.9964,10.0,5
73,0.9941,9.1,6
74,0.9926,10.7,8
75,0.9962,9.5,5
76,0.9898,12.7,7
77,0.9912,12.0,7
78,0.9961,9.3,5
79,0.9949,9.0,5
80,0.9929,10.6,6
81,0.9985,9.2,6
82,0.9946,10.0,5
83,0.9966,9.5,6
84,0.9974,8.7,5
85,0.9975,8.7,6
86,0.9974,8.7,6
87,0.9972,9.7,6
88,0.9974,8.7,5
89,0.9975,8.7,6
90,0.9974,8.7,6
91,0.9957,9.0,5
92,0.99,12.6,7
93,0.9899,12.6,7
94,0.9916,11.5,7
95,0.9969,9.2,6
96,0.9979,8.8,6
97,0.9913,11.4,7
98,0.9956,10.1,4
99,0.9979,8.8,6
100,0.9975,9.1,5
101,0.9962,9.4,5
102,0.997,9.4,5
103,1.0,9.0,5
104,0.9975,9.1,5
105,0.9974,9.2,6
106,0.9962,9.4,5
107,0.999,9.1,6
108,0.999,9.1,6
109,0.9927,10.3,5
110,0.9959,8.8,6
111,1.0,8.9,5
112,0.9982,9.2,5
113,0.9968,9.1,5
114,0.9968,9.1,5
115,0.994,9.7,4
116,0.9914,11.3,6
117,0.9911,11.8,6
118,0.9982,9.2,5
119,0.9982,9.2,5
120,0.9934,10.2,5
121,0.9984,8.8,5
122,0.9952,9.7,5
123,0.9952,9.1,6
124,0.9928,9.8,6
125,0.9912,11.0,6
126,0.994,10.5,5
127,0.9958,9.7,7
128,0.9924,10.9,7
129,0.9924,10.9,6
130,0.994,10.6,5
131,0.9958,9.7,7
132,0.9979,9.0,5
133,0.9982,9.2,5
134,0.9961,8.9,5
135,0.9979,9.6,5
136,0.992,10.7,6
137,0.9975,8.7,5
138,0.9917,10.8,7
139,0.9923,11.8,6
140,0.9927,10.2,5
141,0.9975,8.7,5
142,0.992,10.8,6
143,0.9947,9.7,6
144,0.9921,11.2,6
145,0.9905,10.9,6
146,0.9918,10.1,6
147,0.9951,9.0,4
148,0.9917,12.0,7
149,0.994,9.4,6
150,0.9934,11.5,7
151,0.9968,9.9,6
152,0.994,9.4,6
153,0.9919,10.4,5
154,0.9966,9.7,6
157,0.9898,12.4,7
158,0.9894,12.1,8
159,0.9894,12.1,8
160,0.9898,12.4,7
161,0.998,9.1,5
162,0.9932,10.6,5
164,0.997,9.5,5
165,0.9972,9.8,5
166,0.9974,9.6,6
167,0.9896,12.6,7
168,0.9968,9.3,5
169,0.9958,10.0,5
170,0.9906,12.7,6
171,0.9917,11.0,6
172,0.9902,11.4,4
173,0.9918,11.5,7
174,0.999,10.2,5
175,0.9927,11.4,6
176,0.991,12.6,4
177,0.9972,9.4,5
179,0.995,9.2,6
180,0.9951,9.3,6
181,0.9936,9.2,5
182,1.001,8.7,5
183,0.9979,9.6,6
184,0.997,9.3,5
185,0.9972,9.3,5
186,0.9954,9.9,6
187,0.9924,11.0,5
188,0.9906,12.7,8
189,0.9962,8.9,4
190,0.9962,8.9,6
191,1.001,8.7,5
192,0.9928,11.4,6
193,0.9942,9.6,5
194,0.9942,9.1,5
195,0.9942,9.1,6
196,0.9942,9.1,5
197,0.9961,8.9,5
198,0.998,8.8,5
199,0.9961,8.9,5
200,0.9984,9.3,5
201,0.998,8.8,5
202,0.9973,9.6,5
203,0.9949,12.0,6
204,0.9924,10.2,4
205,0.9972,8.8,5
206,0.9958,9.2,5
207,0.9968,9.9,4
208,0.9938,10.2,5
209,0.993,9.5,6
210,0.994,10.5,5
211,0.9918,11.2,7
212,0.9958,9.2,5
213,0.9944,9.7,6
214,0.9912,11.1,7
215,0.9961,9.4,5
216,0.9939,11.0,5
217,0.9961,9.4,5
218,0.9989,9.4,5
219,0.9938,11.0,5
220,0.9939,11.0,5
221,0.9971,9.1,6
222,0.9912,11.1,7
223,0.9936,9.1,6
224,0.9929,10.4,6
225,0.9998,8.7,5
226,0.9938,9.7,6
227,0.9969,9.1,6
228,0.9938,9.7,6
229,0.9998,8.7,5
230,0.9972,8.9,4
231,0.9976,9.6,6
232,0.9976,9.5,6
233,0.9979,9.0,6
234,0.9979,9.0,6
235,0.9979,9.0,6
236,0.9979,9.0,6
237,0.9972,9.6,6
238,0.9918,11.1,7
239,0.9982,9.6,6
240,0.9985,8.7,5
241,0.9944,10.4,5
242,0.9903,11.4,7
243,0.9934,9.7,6
244,0.9975,8.7,5
245,0.9923,11.3,6
246,0.99,12.6,7
247,0.9905,10.9,7
248,0.9905,10.9,7
249,0.996,10.0,5
250,0.9964,10.0,4
251,0.998,9.8,3
252,0.9975,8.7,5
253,0.9913,11.7,3
254,0.9932,9.3,6
255,0.9935,9.6,8
256,0.9927,11.0,7
257,0.9927,11.0,7
258,0.9912,11.8,6
259,0.9904,11.4,4
260,0.9939,10.2,6
261,0.9996,8.9,5
262,0.9944,10.2,5
263,0.9977,9.6,6
264,0.9912,10.6,6
265,0.9996,8.9,5
266,0.9965,9.2,6
267,0.9944,9.7,5
268,0.9945,9.7,6
269,0.9944,9.7,6
270,0.9965,9.2,6
271,0.9944,9.7,5
272,0.9972,9.3,5
273,0.9949,9.0,5
274,0.9966,9.5,5
275,0.9954,9.8,6
276,0.9954,9.8,6
277,0.9915,10.6,5
278,0.9919,10.6,4
279,0.9916,12.4,7
280,0.99,12.6,8
281,0.9909,12.3,8
282,0.9938,10.5,4
283,0.9982,9.3,5
284,0.9988,8.8,5
285,0.9961,8.8,5
286,0.9978,9.7,6
287,0.9979,9.0,7
288,0.9979,9.0,7
289,0.9979,9.0,7
290,0.9979,9.0,7
291,0.9945,10.5,6
292,1.0,9.1,5
293,0.9957,9.8,7
295,0.9934,9.4,6
296,0.9976,9.4,5
297,0.9932,11.2,7
298,0.997,10.0,6
299,0.9923,10.3,6
300,0.9914,10.8,6
301,0.992,10.5,6
302,0.9914,10.8,6
303,0.9914,11.1,6
304,0.9949,9.9,6
305,0.9949,9.9,6
306,0.995,9.9,5
307,0.995,9.9,6
308,0.9927,10.4,7
309,0.9928,10.4,6
310,0.9917,11.5,7
311,0.9918,12.5,8
312,0.9954,10.0,6
313,0.9941,10.0,6
314,0.9941,10.0,5
315,0.9934,9.1,6
316,0.9927,10.6,6
317,0.9938,10.5,5
318,0.9933,11.5,7
319,0.9934,10.1,6
320,0.9927,10.3,7
321,0.9938,10.5,5
322,0.9927,10.6,6
323,0.9946,10.4,6
324,0.993,11.4,5
325,0.9946,10.5,5
326,0.9976,10.0,6
327,0.9944,10.0,6
328,0.9978,9.6,6
329,0.992,10.4,5
330,0.9912,12.5,8
331,0.9927,10.6,5
332,0.9906,11.8,6
333,0.9954,9.8,5
334,0.9923,10.8,5
335,0.9906,11.8,6
336,0.991,11.2,6
337,0.9972,9.3,6
338,0.9945,10.4,5
339,0.9934,10.2,7
340,0.9964,9.0,7
341,0.9948,10.0,6
342,0.9962,9.1,6
343,0.9931,10.0,5
344,0.993,10.0,6
345,0.9942,9.6,6
346,0.9906,11.2,7
347,0.9995,8.8,6
348,0.998,10.0,6
349,0.997,10.0,5
350,0.9914,11.4,7
351,0.992,11.9,7
352,0.9924,9.6,6
353,0.992,11.9,7
354,0.9937,9.6,6
355,0.9978,9.0,6
356,0.9978,9.0,6
357,0.9927,9.5,6
358,0.994,10.4,6
359,0.9935,10.6,6
360,0.9968,10.2,6
361,0.9941,8.9,5
362,0.9942,9.7,6
363,0.9978,9.0,6
364,0.9923,11.4,7
365,0.9912,12.3,7
366,0.9923,10.8,6
367,0.9927,9.4,6
368,0.9931,10.6,6
369,0.9941,11.6,5
370,0.9927,9.4,6
371,0.9931,10.6,6
372,0.9934,10.0,5
373,0.9936,9.2,6
374,0.9893,12.5,7
375,0.9893,12.5,7
376,0.9919,10.4,7
377,0.9924,10.0,7
378,0.9927,10.0,6
379,0.9919,10.4,7
380,0.9924,10.0,7
381,0.9975,9.0,6
382,0.9969,9.2,6
383,0.9936,9.2,6
384,0.991,11.3,7
385,0.9893,12.5,7
386,0.9906,10.8,7
387,0.9941,10.1,5
388,0.995,9.7,6
389,0.9983,9.3,7
390,0.9983,9.3,7
391,0.9916,10.6,5
392,0.9957,10.2,6
393,0.99,12.2,6
394,0.9976,8.8,5
395,0.992,10.0,5
396,0.9917,11.4,5
397,0.9917,11.4,6
398,0.9993,9.4,5
399,0.9908,11.7,6
400,0.9917,11.4,6
401,0.9976,8.8,5
402,0.9934,9.2,5
403,1.0,8.7,5
404,0.9918,12.6,6
405,0.992,10.0,5
406,0.9896,12.8,7
407,0.9932,9.4,5
408,0.992,10.3,6
409,0.9917,11.4,5
410,0.9999,9.0,6
411,0.998,9.6,6
412,0.9918,10.5,5
413,0.9918,10.5,5
414,0.9999,9.0,6
415,0.998,9.6,6
416,0.9927,9.8,6
417,0.9959,9.0,5
418,0.9927,9.8,6
419,0.9929,10.5,6
420,0.9898,12.7,7
421,0.9954,10.4,6
422,0.9954,10.4,6
423,0.9954,10.4,6
424,0.9954,10.5,7
425,0.9954,10.4,6
426,0.9954,10.4,6
427,0.9974,9.4,5
428,0.9936,9.1,5
429,0.9978,9.3,5
430,0.9974,9.4,5
431,0.9927,9.8,5
432,0.9934,9.9,7
433,0.9938,9.2,4
434,0.9922,12.1,8
435,0.992,12.2,7
436,0.9935,9.8,5
437,0.9906,12.4,8
438,0.9934,9.9,7
439,0.9934,9.2,5
440,0.9913,11.6,7
441,0.9938,10.4,6
442,0.9898,12.9,8
443,0.9975,9.3,6
445,0.9937,11.5,3
446,0.9914,12.4,5
447,0.9982,9.8,6
448,0.9982,9.8,6
449,0.9929,10.5,7
450,0.9971,9.1,5
451,0.9921,10.1,5
452,0.9931,10.6,7
453,0.9924,10.5,7
454,0.9929,10.5,7
455,0.9982,9.8,6
456,0.9892,12.9,7
457,0.9956,9.5,5
458,0.9924,9.8,6
460,0.9956,9.5,5
461,0.9982,9.3,5
462,0.9973,9.5,5
463,0.9932,9.4,6
464,0.9976,8.7,5
465,0.9962,8.9,5
466,0.9956,9.4,6
467,0.9932,9.4,6
468,0.9976,8.7,5
469,0.9992,9.6,5
470,0.9983,9.3,6
471,0.9937,10.0,5
472,0.99,12.5,6
473,0.9944,9.6,7
474,0.9938,9.4,6
475,0.9965,9.5,5
476,0.9893,12.4,7
477,0.9927,10.5,6
478,0.994,9.2,6
479,0.9928,10.4,6
480,0.9964,9.2,5
481,0.9917,10.6,6
482,0.9972,9.5,5
483,0.9964,9.2,5
484,0.9954,9.6,5
485,0.993,9.7,6
486,0.9928,9.7,6
487,0.9916,10.7,6
488,0.9936,10.5,6
489,0.9962,8.9,6
490,0.9899,12.1,6
491,0.9898,12.7,7
492,0.996,9.9,6
493,0.9907,11.4,6
494,0.994,10.7,6
495,0.9913,12.5,6
496,0.9976,8.6,4
497,0.9904,12.5,6
498,0.992,10.0,5
499,0.9976,8.6,4
500,0.999,9.5,6
501,0.9975,9.6,6
502,0.9937,9.9,6
503,0.9937,9.9,5
504,0.998,8.9,6
505,0.998,8.9,6
506,0.9944,8.8,5
507,0.9938,10.0,7
508,0.9907,12.0,6
509,0.9938,10.0,7
510,0.9921,10.0,6
511,0.9908,12.1,6
512,0.9931,11.0,6
513,0.9915,11.2,6
514,0.9952,10.3,7
515,0.9926,10.4,6
516,0.9934,9.1,5
517,0.992,10.4,6
518,0.9918,10.8,6
519,0.9942,11.7,5
520,0.9942,9.8,5
521,0.9942,9.8,5
522,0.9901,11.4,6
524,0.9902,11.4,5
525,0.9934,9.2,6
526,0.9906,12.5,4
527,0.9898,12.6,6
528,0.9896,12.2,6
529,0.9922,11.2,6
530,0.9947,9.7,6
531,0.9945,9.3,5
532,0.9976,9.0,6
533,0.9976,9.0,6
534,0.9976,9.0,6
535,0.9987,9.1,5
536,0.9987,9.1,5
537,0.9976,9.0,6
538,0.992,10.4,5
539,0.9955,9.5,6
540,0.9953,11.4,4
541,0.9976,8.7,5
542,0.992,9.9,6
543,0.9952,9.9,6
544,0.9983,9.0,6
545,0.9933,10.0,6
546,0.9958,9.7,6
547,0.9922,11.8,6
548,0.9928,10.2,7
549,0.9976,8.7,5
550,0.9976,9.6,7
551,0.9916,11.3,7
552,0.9901,12.1,7
553,0.9976,9.6,7
554,0.9901,12.1,7
555,0.9916,11.3,7
556,0.9982,9.4,5
557,0.993,10.4,6
558,0.9969,9.5,5
559,0.991,12.3,6
560,0.9953,9.9,7
561,0.9924,10.1,5
562,0.9969,9.2,6
563,0.9928,10.4,7
564,0.9945,9.1,5
565,0.9967,10.0,6
566,0.9944,11.5,6
567,0.9928,9.8,5
568,0.9929,9.8,6
569,0.9948,9.4,6
570,0.9976,8.7,5
571,0.9912,11.6,7
572,0.9987,8.8,5
573,0.99,12.7,7
574,0.991,11.7,7
575,0.9933,10.2,6
576,0.9933,10.2,6
577,0.9899,12.7,7
578,0.9912,11.6,7
579,0.9912,12.3,7
580,0.9976,8.7,5
581,0.994,9.4,5
582,0.9947,10.1,6
583,0.9954,9.7,6
584,0.993,10.1,7
585,0.9954,9.7,6
586,0.9963,8.9,6
587,0.992,10.8,7
588,0.9926,10.8,7
589,0.995,9.5,6
590,0.9983,9.1,5
591,0.992,10.9,6
592,0.9968,9.4,5
593,0.9905,10.8,5
594,0.9904,10.8,5
595,0.9926,10.5,7
596,0.9968,9.4,5
597,0.9928,10.8,6
598,0.9949,10.5,8
599,0.9909,11.5,7
600,0.9937,9.4,6
601,0.9914,10.8,6
602,0.9905,10.8,5
603,0.9904,10.8,5
604,0.9924,9.8,6
605,0.9924,9.8,6
606,0.9965,9.6,5
607,0.9965,9.6,5
608,0.9993,9.5,5
609,0.9965,10.7,6
610,0.9908,12.4,8
611,0.992,11.1,6
612,0.9978,8.8,5
613,0.9978,8.7,5
614,0.9978,8.7,5
615,0.9978,8.8,5
616,0.9912,11.7,7
617,0.9928,10.9,6
618,0.9928,10.8,6
619,0.993,9.6,6
620,0.9993,9.0,5
621,0.9965,9.0,5
622,0.9937,10.4,6
623,0.9913,11.4,5
624,0.9934,9.3,5
625,0.9952,11.0,8
626,0.9983,9.1,4
627,0.9957,9.4,6
628,0.9957,9.4,6
629,0.9916,10.5,6
630,0.9999,8.8,5
631,0.9999,8.8,5
632,0.9936,10.7,6
633,0.9972,9.5,5
634,0.9933,10.9,6
635,0.9934,10.8,6
636,0.9931,10.8,7
637,0.9976,9.2,5
638,0.9937,10.3,5
639,0.9937,10.3,5
640,0.991,11.0,7
641,0.9979,9.0,4
642,0.9971,10.4,6
643,0.9969,9.5,5
644,0.9968,9.5,5
645,0.9961,9.0,5
646,0.993,9.5,4
647,0.9973,9.0,6
648,0.9944,10.0,5
649,0.9986,9.1,7
650,0.9986,9.1,7
651,0.9986,9.1,7
652,0.9986,9.1,7
653,0.9972,9.5,6
654,0.9917,11.4,7
655,0.992,12.2,6
656,0.9932,11.3,6
657,0.9936,10.2,5
658,0.9915,11.3,5
659,0.9922,10.0,4
660,0.9934,9.4,5
661,0.9952,12.2,7
662,0.9972,9.2,4
663,0.9934,9.4,5
664,0.9958,9.6,6
665,0.9944,9.5,5
666,0.9908,12.5,6
667,0.9958,9.6,6
668,0.9925,10.0,6
669,0.9966,9.3,5
670,0.9972,9.3,6
671,0.9912,11.6,6
672,0.995,12.5,8
673,0.9928,10.6,6
674,0.9968,9.4,5
675,0.9955,9.1,6
676,0.9981,9.0,6
677,0.991,11.8,7
678,0.991,11.8,7
679,0.991,11.8,7
680,0.992,10.0,5
681,0.9931,9.7,5
682,0.997,9.5,6
683,0.9948,9.4,5
684,0.9923,11.2,5
685,0.9976,9.0,5
686,0.9938,10.7,7
687,0.9984,9.0,4
688,0.9972,9.1,6
689,0.9922,10.8,7
690,0.9935,10.1,4
691,0.9944,9.9,6
692,0.9942,9.8,5
693,0.9944,9.8,5
694,0.9997,9.5,6
695,0.9977,9.5,5
696,0.9912,11.1,6
697,0.9982,9.5,5
698,0.9982,9.5,5
699,0.9983,9.4,5
700,0.998,9.7,5
701,0.9894,13.9,7
702,0.9927,10.1,4
703,0.9917,10.5,6
704,0.9904,12.6,6
705,0.993,10.9,5
706,0.9941,10.0,5
707,0.9943,11.2,6
708,0.99855,10.0,6
709,0.99345,9.2,5
710,0.998,9.5,5
711,0.9916,12.3,6
712,0.9916,12.3,6
713,0.99475,10.0,5
714,0.99325,10.8,6
715,0.9933,10.5,7
716,0.9969,9.2,6
717,1.0002,9.1,5
718,0.9933,10.5,7
719,0.9937,10.2,7
720,0.99685,8.9,5
721,0.99455,10.4,5
722,0.9917,11.7,6
723,0.99035,12.4,8
724,0.9914,10.9,7
725,0.99225,10.2,5
726,0.99155,11.7,7
727,0.9954,9.4,5
728,0.99455,10.5,5
729,0.9924,9.4,5
730,0.99695,10.4,6
731,0.99655,9.5,6
732,0.9934,11.1,7
733,0.998,9.1,6
734,0.9971,9.2,5
735,0.9948,9.6,6
736,0.998,9.1,6
737,0.9971,9.2,5
738,0.99215,10.8,7
739,0.9948,9.6,6
740,0.9915,12.6,3
741,0.99115,11.0,6
742,0.9932,10.2,6
743,0.9977,9.4,5
744,0.99535,10.0,5
745,0.99165,12.2,6
746,0.9953,10.5,6
747,0.9928,11.5,6
748,0.9958,9.8,6
749,0.9928,11.4,6
750,0.9928,11.5,6
751,0.9964,10.2,6
752,0.9987,9.4,6
753,0.9953,10.5,6
754,0.9932,9.1,5
755,0.9907,12.2,7
756,0.99755,9.5,5
757,0.99935,9.3,6
758,0.9932,9.8,7
759,0.9932,9.8,7
760,0.9958,9.8,6
761,0.99585,9.8,6
762,1.00055,8.7,5
763,0.9985,10.2,6
764,0.99505,9.5,6
765,0.992,11.0,6
766,0.9988,9.2,5
767,0.99175,10.9,6
768,0.9962,9.3,7
769,0.9962,9.3,7
770,0.9942,9.8,7
771,0.9927,9.3,7
772,0.9927,9.3,7
773,0.99985,9.4,5
774,0.997,10.4,9
775,0.9918,12.1,6
776,0.99215,11.0,6
777,0.99865,9.0,5
778,0.9992,9.5,7
779,1.0006,8.8,8
780,0.99135,11.2,4
781,0.99715,9.3,6
782,0.9992,9.5,7
783,1.0006,8.8,8
784,0.99865,9.0,5
785,0.99815,9.3,6
786,0.99815,9.2,6
787,0.99815,9.2,6
788,0.9949,10.0,7
789,0.99815,9.3,6
790,0.99815,9.2,6
791,0.99225,10.9,7
792,0.99445,10.0,5
793,0.99225,10.9,7
794,0.99335,9.3,5
795,0.99625,9.0,5
796,0.9971,9.2,6
797,0.9983,9.6,6
798,0.99445,9.4,6
799,0.99085,11.1,8
800,0.9977,8.9,6
801,0.9953,9.3,5
802,0.99775,9.3,5
803,0.99795,9.8,7
804,0.99505,9.8,6
805,0.9977,8.9,6
806,0.9975,9.6,5
807,0.99745,9.6,6
808,0.9976,9.0,6
809,0.99775,9.5,6
810,0.9953,9.3,5
811,0.9932,9.2,6
812,0.99405,9.1,7
813,1.0,9.5,6
814,0.99785,10.5,6
815,0.9939,9.0,5
816,0.9939,11.7,5
817,0.99675,9.1,5
818,0.9939,9.0,5
819,0.99675,9.1,5
820,0.98965,12.4,9
821,0.9971,9.2,6
822,0.99445,9.4,5
823,0.9945,9.6,6
824,0.9939,11.7,5
825,0.9958,9.8,6
826,0.9956,10.2,6
827,0.99055,12.5,9
828,0.9959,10.9,7
829,0.9925,11.0,7
830,0.9963,10.5,6
831,0.9935,11.5,4
832,0.99105,12.8,8
833,0.99045,12.2,6
834,0.9963,10.5,6
835,0.99155,12.8,8
836,0.99085,11.9,8
837,0.99085,11.9,8
838,0.99085,11.9,8
839,0.9924,12.0,7
840,0.9924,12.0,7
841,0.99975,8.8,7
842,0.99975,8.8,7
843,0.99315,10.8,7
844,0.9917,11.0,8
845,0.9917,11.0,8
846,0.99845,9.3,5
847,0.9921,10.8,5
848,0.99975,8.8,7
849,0.9909,11.5,6
850,0.99315,10.8,7
851,0.99855,9.4,5
852,0.9934,9.5,7
853,0.9978,8.6,5
854,0.9934,9.5,7
855,0.9949,10.3,7
856,0.99855,9.4,5
857,0.9986,9.4,5
858,0.99725,10.0,7
859,0.9946,9.4,5
860,0.99255,10.4,8
861,0.9996,9.1,7
862,0.9939,9.9,6
863,0.99,12.1,6
864,0.9937,9.9,5
865,0.9886,12.5,6
866,0.9934,9.5,7
867,1.0,8.5,8
868,0.9994,9.0,7
869,0.9926,10.1,6
870,0.9956,9.4,5
871,0.9978,8.6,5
872,0.9915,10.7,6
873,0.9939,9.6,3
874,0.9932,10.1,5
875,0.993,10.0,7
876,0.9898,12.7,9
877,0.9921,10.2,6
878,0.9932,8.9,6
879,0.9919,11.9,8
880,0.993,10.0,7
881,0.9953,9.9,6
882,0.9928,11.5,6
883,0.9928,11.5,6
884,0.9976,9.8,6
885,0.9906,12.2,7
886,0.9918,11.4,6
887,0.99185,11.0,7
888,0.9918,11.4,6
889,0.99185,11.0,7
890,0.994,9.9,6
891,0.9908,11.0,7
892,0.9928,9.4,5
893,0.9896,12.2,7
894,0.9908,11.0,7
895,0.9918,10.3,6
896,0.9952,10.5,6
897,0.9923,10.5,6
898,0.9915,10.9,6
899,0.9952,10.5,6
900,0.9947,11.0,7
901,0.9983,9.7,6
902,0.9975,8.9,5
903,0.995,9.6,6
904,0.9944,8.8,8
905,0.994,11.1,4
906,0.9944,10.3,4
907,0.9908,12.2,8
908,0.99795,9.8,4
909,0.9985,8.8,5
910,0.99425,9.9,5
911,0.99425,9.9,5
912,0.9943,9.9,5
913,0.9924,9.2,5
914,0.9946,9.5,4
915,0.9924,9.2,5
916,0.995,10.3,7
917,0.9919,11.0,6
918,0.99,11.9,6
919,0.9923,10.2,7
920,0.9956,9.4,7
921,0.9978,8.9,6
922,0.9978,8.9,6
923,0.9967,10.0,6
924,0.9934,10.7,8
925,0.9936,9.8,5
926,0.9932,9.3,5
927,0.9934,9.5,7
928,0.998,10.0,5
929,0.9978,9.0,5
930,0.9929,11.9,7
931,0.9974,8.9,5
932,0.99685,10.0,6
933,0.99495,9.6,5
934,0.99745,8.9,5
935,0.99505,8.9,5
936,0.992,11.4,5
937,0.9978,9.0,5
938,0.9956,10.0,6
939,0.9982,9.6,7
940,0.99485,9.7,5
941,0.9971,9.5,6
942,0.99265,10.0,7
943,0.9904,12.2,7
944,0.9965,8.7,7
945,0.9946,10.2,7
946,0.99965,9.6,5
947,0.9935,10.0,5
948,0.996,9.5,4
949,0.9942,11.5,5
950,0.9936,9.5,5
951,0.9965,9.8,6
952,0.9928,10.1,6
953,0.9928,10.0,5
954,0.9965,9.8,6
955,0.9936,9.5,5
956,0.9938,9.5,5
957,0.9926,10.2,7
958,0.9926,10.2,7
959,0.9983,9.0,6
960,0.9983,9.0,6
961,0.992,12.3,7
962,0.9983,9.0,6
963,0.9923,11.6,6
964,0.9972,9.5,6
965,0.9928,11.5,5
966,0.9928,9.6,6
967,0.9994,9.0,6
968,0.991,12.0,7
969,0.9906,11.4,7
970,0.9894,12.3,7
971,0.9898,12.6,7
972,0.9994,9.0,6
973,0.991,12.0,7
974,0.9925,11.7,6
975,0.9956,9.2,5
976,0.9946,10.3,6
978,0.9951,10.7,7
979,0.9927,9.8,5
980,0.9927,9.8,6
981,0.9951,10.7,7
982,0.9894,12.5,6
983,0.9907,11.9,6
984,0.9925,10.8,5
985,0.9928,10.5,6
986,0.9941,10.3,6
987,0.9941,10.3,6
988,0.9925,10.8,5
989,0.9935,12.0,7
990,0.9932,10.2,6
991,0.9944,10.2,4
992,0.9972,9.9,5
993,0.994,10.1,4
994,0.9956,9.5,6
995,0.9927,10.5,6
996,0.9924,10.4,5
997,0.9966,9.5,6
998,0.9997,9.2,6
999,0.9936,10.1,7
1000,0.9936,9.8,7
1001,0.9952,9.4,5
1002,0.9952,9.4,6
1003,0.9928,10.4,7
1004,0.9911,11.3,6
1005,0.993,10.8,6
1006,0.9911,11.3,6
1007,0.9932,9.3,5
1008,0.993,10.3,7
1009,0.993,10.5,6
1010,0.9932,10.3,6
1011,0.9932,11.2,7
1012,0.9943,10.3,6
1013,0.9968,9.5,5
1014,0.9994,8.9,5
1015,0.9926,10.2,5
1016,0.9968,9.2,5
1017,0.9932,10.3,6
1018,0.9916,10.5,6
1019,0.9946,9.5,6
1020,0.9925,11.4,7
1021,0.9925,11.4,7
1022,0.9935,11.1,8
1023,0.9962,10.5,6
1024,0.9928,12.0,6
1025,0.993,9.7,6
1026,0.993,10.2,6
1027,0.9956,9.5,4
1028,0.9941,10.4,7
1029,0.9972,9.3,4
1030,0.9948,10.5,6
1031,0.9955,10.0,6
1032,0.9972,10.2,6
1033,0.9972,10.2,6
1034,0.9983,9.1,3
1035,0.9942,10.2,6
1036,0.9936,10.7,5
1037,0.9956,9.7,5
1038,0.9953,9.3,7
1039,0.9918,11.0,5
1040,0.995,10.8,4
1041,0.992,10.7,5
1042,0.9952,10.7,4
1043,1.001,8.8,5
1044,0.9924,10.9,7
1045,0.9932,10.5,5
1046,0.9937,10.0,5
1047,0.9918,10.4,5
1048,0.9934,9.2,5
1049,0.991,12.6,6
1050,0.9962,9.0,5
1051,0.9932,9.2,6
1052,0.9908,11.3,5
1053,0.9962,10.3,4
1054,0.9918,10.4,5
1055,0.9941,10.0,5
1056,0.9931,10.7,6
1057,0.9981,9.0,5
1058,0.9931,10.7,6
1059,0.9944,8.7,4
1060,0.992,11.6,7
1061,0.9966,9.4,5
1062,0.9956,9.5,5
1063,0.9956,9.5,5
1064,0.9949,10.9,6
1065,1.0002,9.7,5
1066,0.9942,9.1,6
1067,0.9923,11.1,7
1068,0.9917,12.6,7
1069,0.9931,11.0,6
1070,0.992,11.3,7
1071,1.0002,9.7,5
1072,0.9953,10.9,7
1073,0.9951,10.9,5
1074,0.9974,9.3,6
1075,0.9904,12.7,7
1076,0.9974,10.1,6
1077,0.9944,10.0,5
1078,1.0004,9.8,5
1079,0.9952,10.1,6
1080,0.9956,9.0,7
1081,0.995,9.4,6
1082,0.995,9.4,6
1083,0.9995,9.2,6
1084,0.9942,10.1,7
1085,0.9977,8.6,5
1086,0.992,11.2,8
1087,0.992,11.2,8
1088,0.9995,9.2,6
1089,0.9934,10.6,7
1090,1.0006,9.3,6
1091,0.9982,8.9,6
1092,0.9928,10.6,6
1093,0.9945,10.6,7
1094,0.9963,8.8,5
1095,0.9906,11.0,8
1096,0.9956,10.2,6
1097,0.9942,10.1,7
1098,0.9962,10.1,6
1100,0.995,9.4,6
1101,0.9908,11.8,6
1102,0.9914,11.4,5
1103,0.9938,10.7,5
1104,0.9977,8.6,5
1105,0.9922,11.5,7
1106,0.992,11.2,8
1107,0.9903,12.6,7
1108,0.9893,12.6,7
1109,0.9952,9.3,4
1110,0.9903,12.6,7
1111,0.9912,12.1,6
1112,0.9983,9.9,6
1113,0.9937,10.7,5
1114,0.9932,10.0,4
1115,0.9928,10.4,8
1116,0.9922,10.5,5
1117,0.9976,9.7,5
1118,0.9922,10.5,5
1119,0.9974,9.0,5
1120,0.998,9.2,6
1121,0.9931,10.1,6
1122,0.9911,11.4,7
1123,0.9944,10.8,5
1124,0.9937,10.9,5
1125,0.9974,9.2,6
1126,0.989,12.9,7
1127,0.992,12.0,7
1128,0.9928,9.5,5
1129,0.9918,11.8,7
1130,0.9936,9.1,6
1131,0.9944,9.7,6
1132,0.9988,9.1,5
1133,0.994,10.0,5
1134,0.9953,10.4,5
1135,0.9986,9.5,6
1136,0.9914,12.3,8
1137,0.9934,11.7,8
1138,0.996,9.5,5
1139,0.9937,11.5,5
1140,0.9921,10.6,6
1141,0.998,10.2,5
1142,0.996,9.5,5
1143,0.9933,10.5,5
1144,0.9933,10.5,5
1145,0.9959,8.9,5
1146,0.9936,10.6,5
1147,0.9953,9.5,5
1148,0.9938,10.8,6
1149,0.9952,9.5,5
1150,0.9959,8.9,5
1151,0.9959,8.9,5
1152,0.9937,9.4,4
1153,0.992,10.6,6
1154,0.9967,9.0,4
1155,0.9944,10.5,4
1156,0.9998,9.0,6
1157,0.9998,9.0,6
1158,0.9942,9.4,6
1159,0.9998,9.0,6
1160,0.9945,9.6,6
1161,0.9998,9.0,6
1162,0.9946,10.2,7
1163,0.9942,9.4,6
1164,0.9928,10.4,6
1165,0.9946,10.4,5
1166,0.9927,9.5,5
1167,0.9938,10.6,6
1168,0.9918,11.0,5
1169,0.9945,9.6,6
1170,0.9966,9.9,6
1171,0.9954,9.6,5
1172,0.9913,12.8,6
1173,0.9931,11.4,5
1174,0.9986,10.0,6
1175,0.9965,9.1,5
1176,0.9984,9.4,7
1177,0.9952,10.2,6
1178,0.9956,9.2,5
1179,0.9949,9.4,5
1180,0.9954,9.6,5
1181,0.996,10.1,6
1182,0.9931,11.4,5
1183,0.992,10.6,6
1184,0.9912,12.8,7
1185,0.9978,8.9,5
1186,0.9938,9.3,5
1187,0.9914,11.1,8
1188,0.9932,9.9,6
1189,0.9944,9.6,5
1190,0.9913,12.8,6
1191,0.9948,10.7,7
1192,0.998,9.2,6
1193,0.9998,9.1,7
1194,0.9964,9.6,6
1195,0.9992,9.2,6
1196,0.9948,10.7,7
1197,0.9998,9.1,7
1198,0.998,9.2,6
1199,0.9939,10.7,7
1200,0.992,10.8,6
1201,0.9922,10.8,7
1202,0.9955,9.0,5
1203,0.9917,10.7,6
1204,0.9917,10.7,6
1205,0.9954,9.4,5
1206,0.9986,8.8,6
1207,0.9955,9.0,5
1208,0.9917,11.5,6
1209,0.9907,12.5,6
1210,0.9922,10.5,6
1211,0.9958,9.7,5
1212,0.993,11.3,6
1213,0.9917,10.7,6
1214,0.9926,10.8,6
1215,0.9959,10.6,5
1216,0.9906,11.7,8
1217,0.9993,9.2,5
1218,0.993,11.1,8
1219,0.9906,11.7,8
1220,0.992,11.0,6
1221,0.992,12.5,7
1222,0.994,10.0,6
1223,0.9959,10.6,5
1224,0.9908,12.3,7
1225,0.9902,12.7,6
1226,0.9908,12.3,7
1227,0.9943,10.5,5
1228,0.9921,12.5,6
1229,0.9911,12.4,3
1230,0.9986,8.7,6
1231,0.992,12.4,7
1232,0.992,12.6,7
1233,0.9943,11.0,6
1234,0.9937,10.1,6
1235,0.993,10.5,5
1236,0.9902,12.7,6
1237,0.9928,10.9,5
1238,0.9896,13.5,7
1239,0.998,9.7,5
1240,0.9954,9.2,6
1241,0.9938,10.6,7
1243,0.9896,13.5,7
1244,0.9944,10.1,5
1245,0.9999,9.4,4
1246,0.9953,10.6,7
1247,0.992,11.3,6
1248,0.9925,10.8,7
1249,0.9981,10.4,5
1250,0.9952,10.5,7
1251,0.9927,9.3,5
1252,0.9927,9.3,6
1253,0.9911,12.2,7
1254,0.9936,9.2,5
1255,0.9959,10.3,6
1256,0.9946,9.4,6
1257,0.9948,10.2,6
1258,0.9955,9.0,6
1259,0.9951,9.3,6
1260,0.9952,9.2,6
1261,0.9946,9.4,6
1262,0.9946,9.4,6
1263,0.9944,9.5,6
1264,0.9938,9.9,5
1265,0.9963,11.1,7
1266,0.991,12.3,8
1267,1.0003,8.6,7
1268,0.9966,9.4,5
1269,0.9993,9.4,6
1270,1.0003,8.6,7
1271,0.9938,10.9,5
1272,0.9965,9.4,5
1273,0.9938,10.9,5
1274,0.9993,9.4,6
1275,0.9938,9.2,6
1276,1.0003,8.6,7
1277,0.9966,9.4,5
1278,0.9942,10.8,6
1279,0.9928,10.5,6
1280,0.991,12.5,6
1281,0.9911,12.1,7
1282,0.9977,8.7,5
1283,0.9927,12.7,8
1284,0.9911,12.1,7
1285,0.991,12.5,6
1286,0.9912,11.4,7
1287,0.9907,12.9,7
1288,0.9902,12.8,7
1289,0.992,11.2,6
1290,0.994,9.7,6
1291,0.9966,9.7,6
1292,0.993,10.3,6
1293,0.993,11.6,4
1294,0.993,11.6,4
1295,0.9966,9.7,6
1296,0.9942,10.9,6
1297,0.9925,12.6,7
1298,0.9925,12.4,6
1299,0.9928,11.5,5
1300,0.995,10.2,6
1301,0.9939,11.4,5
1302,0.9958,9.6,6
1303,0.9952,10.3,6
1304,1.0,9.3,5
1305,0.9948,10.7,7
1306,0.99,12.8,8
1307,0.9958,9.5,5
1308,0.9948,10.4,6
1309,0.9949,10.3,6
1310,0.997,9.9,6
1311,0.9927,10.7,6
1312,0.9938,10.5,5
1313,0.9949,9.6,5
1314,0.9953,9.3,6
1315,0.997,10.0,6
1316,0.9932,11.2,6
1317,0.9927,10.8,5
1318,0.9932,10.3,6
1319,0.9955,8.8,5
1320,0.9914,12.8,6
1322,0.992,10.1,6
1323,0.9924,11.0,5
1324,0.9927,10.8,6
1325,0.9911,12.8,7
1326,0.9958,9.2,6
1327,0.9928,10.5,6
1328,0.9902,11.7,6
1329,0.994,9.5,5
1330,0.994,9.5,5
1331,0.9972,8.8,6
1332,1.0004,9.3,7
1333,0.991,12.6,8
1334,0.9918,12.4,6
1335,0.995,10.1,6
1336,0.9941,11.2,8
1337,0.9956,10.0,5
1338,0.9956,10.0,5
1339,0.9959,10.8,6
1340,0.9922,10.0,6
1341,0.9931,10.4,5
1342,0.9959,10.8,6
1343,0.9984,9.8,6
1344,0.9908,12.2,8
1345,0.991,12.7,8
1346,0.9928,12.2,7
1347,0.9936,11.9,7
1348,0.9941,11.2,8
1349,0.9924,10.4,4
1350,0.9917,12.8,7
1351,0.9906,12.7,7
1352,0.995,10.1,6
1353,0.9956,10.0,5
1354,0.9955,9.0,5
1355,0.9907,11.4,5
1356,1.0,8.9,6
1357,0.9953,9.3,6
1358,0.9911,12.0,8
1359,0.9922,10.8,7
1360,0.9951,10.5,6
1361,0.9948,10.6,7
1362,0.9906,11.3,7
1363,0.994,9.5,4
1364,0.9907,11.4,5
1365,0.9927,10.1,7
1366,0.9914,10.9,6
1367,0.9958,8.9,5
1368,1.0,8.9,6
1369,0.9984,9.3,5
1370,0.9941,10.4,6
1371,0.9944,12.0,7
1372,0.998,9.5,6
1373,0.998,9.5,6
1374,0.9902,12.4,7
1375,0.9911,11.2,7
1376,0.9929,11.4,6
1377,0.993,11.4,6
1378,0.9918,11.1,7
1379,0.992,10.4,6
1380,0.9932,12.0,7
1381,0.992,12.3,7
1382,0.994,9.1,6
1383,0.9923,10.5,6
1384,0.993,11.4,6
1385,0.9956,9.5,5
1386,0.9907,13.7,7
1387,0.99,13.4,6
1388,0.9918,11.3,7
1389,0.9926,10.0,6
1390,0.995,10.1,6
1391,0.99,12.2,6
1392,0.99,13.4,6
1393,0.9946,9.3,6
1394,0.9907,13.7,7
1395,0.9898,12.3,7
1396,0.9918,11.3,7
1397,0.9986,8.9,7
1398,0.9986,8.9,7
1399,0.9928,11.5,6
1400,0.9986,8.9,7
1401,0.9979,9.3,6
1402,0.994,11.1,8
1403,0.9937,10.9,8
1404,0.9938,11.6,5
1405,0.9942,10.2,4
1406,0.9944,10.5,8
1407,0.993,11.4,6
1408,0.9986,8.9,7
1409,0.9932,10.6,6
1410,0.9934,11.6,6
1411,0.9928,11.5,6
1412,0.9925,12.3,8
1413,0.9944,10.8,6
1414,0.9909,11.3,6
1415,0.9932,9.3,5
1416,0.9934,10.0,6
1418,0.992,10.2,5
1419,0.9916,10.8,7
1420,0.998,10.1,4
1421,0.9919,11.6,6
1422,0.9925,9.1,5
1423,0.9977,10.0,4
1424,0.9944,10.8,6
1425,0.991,11.4,6
1426,0.99,12.7,6
1427,0.9917,11.3,5
1428,0.9923,10.4,7
1429,0.9928,9.6,5
1430,0.9923,10.1,4
1431,0.9928,9.6,5
1432,0.9902,12.1,7
1433,0.9893,12.2,6
1434,0.9917,11.3,5
1435,0.9982,9.6,5
1436,1.0005,9.2,5
1437,0.9923,10.4,7
1438,0.9951,9.5,5
1439,0.9956,8.9,5
1440,0.998,8.8,5
1441,0.9928,10.5,5
1442,0.9938,9.4,5
1443,0.9914,12.2,6
1444,0.9955,11.3,6
1445,0.9924,12.2,6
1446,0.9911,12.2,6
1447,0.9917,11.2,6
1448,0.9917,11.2,6
1449,0.9932,11.5,6
1450,0.9955,11.3,6
1451,0.9929,9.3,5
1452,0.9955,11.3,6
1453,0.9958,11.8,7
1454,1.0012,9.2,5
1455,0.9968,9.2,5
1456,0.9911,12.2,6
1457,0.9924,12.2,6
1458,0.991,12.2,6
1459,0.9946,10.6,6
1460,0.9928,12.4,6
1461,0.9946,10.8,6
1462,0.9917,11.2,6
1463,0.9918,11.0,6
1464,0.9926,12.7,8
1465,0.9931,10.2,5
1466,0.9932,11.5,6
1467,0.9903,12.3,7
1468,0.9928,9.8,5
1469,0.9929,9.3,5
1470,0.9958,11.8,7
1471,0.9955,11.3,6
1472,0.9911,11.4,5
1473,0.9938,10.8,6
1474,0.9942,9.5,4
1475,0.9945,10.2,6
1476,0.9962,10.7,5
1477,0.992,10.8,6
1478,0.9927,11.5,6
1479,0.9948,10.7,6
1480,0.9945,10.2,6
1481,0.9942,10.1,6
1482,0.9952,10.4,6
1483,0.9942,9.5,4
1484,0.9958,9.1,3
1485,0.9918,10.6,6
1486,0.9932,9.4,6
1487,1.0004,9.8,6
1488,0.9972,9.5,6
1489,0.9998,9.3,5
1490,0.9918,10.3,6
1491,0.9918,11.1,5
1492,0.9964,10.0,5
1493,0.9936,12.3,8
1494,0.9931,12.4,8
1495,0.9938,12.3,7
1496,0.9934,10.4,5
1497,0.99,12.1,7
1498,0.9914,12.5,6
1499,0.9904,13.0,6
1500,0.994,11.0,7
1501,0.9938,10.1,5
1502,0.9933,9.2,5
1503,0.9909,12.6,7
1504,0.9942,12.2,8
1505,0.9945,9.8,7
1506,0.9954,11.0,6
1507,0.996,10.0,6
1508,0.9991,9.8,6
1509,0.993,10.5,5
1510,0.9942,10.0,5
1511,0.9934,11.2,6
1512,0.9939,11.0,7
1513,0.9937,11.2,6
1514,0.994,11.0,7
1515,0.9926,10.5,6
1516,0.9951,10.6,6
1517,0.9952,10.6,6
1518,0.9935,12.0,6
1519,0.9938,10.1,5
1520,0.9939,10.1,6
1521,0.9933,9.2,5
1522,0.9927,11.0,5
1523,0.998,10.0,6
1524,0.9997,8.7,6
1525,0.9981,8.7,5
1526,0.992,11.1,6
1527,0.9954,11.0,6
1528,0.992,11.1,6
1529,0.9997,8.7,6
1530,0.9981,8.7,5
1531,0.9943,11.2,7
1532,0.9941,11.1,7
1533,0.9936,10.8,6
1534,0.9996,9.0,6
1535,0.9932,10.3,6
1536,0.9926,9.9,5
1537,0.9936,10.0,6
1538,0.992,9.8,6
1539,0.9936,10.8,6
1540,0.9996,9.0,6
1541,0.993,9.1,4
1542,0.9924,10.6,6
1543,0.9928,10.6,6
1544,0.9926,9.9,5
1545,0.9952,10.6,6
1546,0.9945,9.9,6
1547,0.9945,9.9,6
1548,0.9903,12.8,6
1549,0.9932,10.3,6
1550,0.9953,10.6,6
1551,0.9936,8.7,6
1552,0.9912,12.6,7
1553,0.9962,11.0,7
1554,0.9965,11.2,7
1555,0.9932,10.7,7
1556,0.9967,9.6,6
1557,0.9953,10.6,6
1558,0.9963,9.0,4
1559,0.992,10.5,4
1560,0.991,12.8,6
1561,0.9958,10.1,5
1562,0.99,12.2,7
1563,0.991,12.8,6
1564,0.9958,10.1,5
1565,0.9938,10.1,6
1566,0.9996,9.2,5
1567,0.9946,9.9,5
1568,0.9974,9.7,6
1569,0.9945,9.9,5
1570,0.9946,9.9,5
1571,0.9974,9.7,6
1572,0.9957,10.3,6
1573,0.9931,10.3,5
1574,0.9947,10.5,4
1575,0.9953,10.5,6
1576,0.9931,9.8,6
1577,0.9946,10.6,4
1578,0.9978,10.1,5
1579,0.9989,9.0,4
1580,1.0004,9.5,5
1581,0.9938,11.5,6
1582,0.9934,11.9,7
1583,0.9978,10.1,5
1584,0.9956,9.2,6
1585,0.9982,8.7,5
1586,0.9948,9.8,5
1587,0.9956,9.2,6
1588,0.9982,8.7,5
1589,0.9926,11.2,6
1590,0.991,12.3,6
1591,0.9945,10.4,6
1592,0.9916,10.7,6
1593,0.9953,10.5,6
1594,0.9938,9.4,6
1595,0.9956,9.2,6
1596,0.9906,11.9,5
1597,0.9956,9.2,6
1598,0.9932,9.9,6
1599,0.9914,11.4,6
1600,0.9938,9.4,6
1601,0.996,10.7,6
1602,0.9906,12.7,5
1603,0.98815,13.5,7
1604,0.9942,9.5,5
1605,0.9903,12.9,9
1606,0.9906,12.5,6
1607,0.9935,9.5,7
1609,0.9968,10.0,7
1610,0.9906,12.5,6
1611,0.9941,10.1,6
1612,0.9919,11.3,7
1613,0.9928,10.6,7
1614,0.9958,10.8,5
1615,0.9932,10.7,6
1616,0.9957,9.0,6
1617,0.9937,9.2,6
1619,0.9928,11.3,8
1620,0.9919,11.3,7
1621,0.9956,9.4,5
1623,0.9954,9.4,6
1624,0.993,10.5,7
1625,0.9954,9.7,6
1626,0.9987,10.2,6
1627,0.9956,9.4,5
1628,0.9928,11.5,6
1629,0.9951,9.6,6
1630,0.993,11.4,5
1631,0.9928,11.5,6
1632,0.9926,12.2,8
1633,0.9938,11.0,7
1634,1.0001,9.2,6
1635,0.9933,10.2,6
1636,0.9952,10.0,5
1637,0.9934,9.7,6
1638,0.9988,9.2,5
1639,0.993,10.5,5
1640,0.9952,10.0,5
1641,0.9948,10.1,6
1642,0.9998,9.1,7
1643,0.9971,10.2,7
1644,0.9998,9.1,7
1645,0.9962,10.5,7
1646,0.9948,10.1,6
1647,0.99,12.1,7
1648,0.9942,10.2,5
1649,0.9965,9.4,4
1650,0.9912,12.8,7
1651,0.9978,9.0,6
1652,0.9928,10.9,4
1654,0.9956,9.0,5
1655,0.9936,10.2,5
1656,0.9929,9.2,5
1657,0.9966,11.3,6
1658,0.9964,8.8,5
1659,0.996,9.3,5
1660,0.9959,9.4,6
1661,0.9954,10.3,6
1662,0.9914,10.8,7
1664,1.0004,9.0,4
1665,0.9911,11.5,8
1666,0.9938,10.8,5
1667,0.9927,11.8,6
1668,0.9922,10.5,7
1669,0.9924,9.9,6
1670,0.9963,9.8,6
1671,0.9936,11.4,7
1672,0.9951,9.3,5
1673,0.9951,9.3,5
1674,0.9955,10.3,6
1675,0.9961,8.9,5
1676,0.9936,11.4,7
1677,0.992,11.1,6
1678,0.9944,10.4,6
1679,0.9944,10.1,5
1680,1.0008,9.0,5
1681,0.9962,11.9,6
1682,0.9986,9.0,7
1683,0.9986,9.0,7
1684,1.0,9.1,7
1685,0.9986,9.0,7
1686,0.9982,10.0,5
1687,1.0,9.1,7
1688,0.9949,9.4,3
1689,0.9915,11.4,6
1690,0.9951,9.7,4
1691,0.9986,9.0,7
1692,0.9927,11.8,6
1693,0.9955,10.2,5
1694,0.9952,9.2,6
1695,0.9928,11.0,6
1696,0.9982,10.0,6
1697,0.9914,12.2,6
1698,0.9927,11.8,6
1699,0.9918,11.6,6
1700,0.9944,10.2,6
1701,0.9969,10.3,5
1703,0.9954,9.6,5
1704,0.9955,9.6,5
1705,0.9921,11.3,6
1706,0.9934,9.9,6
1707,0.9998,9.6,5
1708,0.9946,10.6,4
1709,0.9984,9.8,5
1710,0.9924,10.5,5
1711,0.9939,10.8,5
1712,0.995,10.0,6
1713,0.9957,10.1,6
1714,0.9953,9.4,5
1715,0.9912,11.5,8
1716,0.9939,10.8,6
1717,0.9921,9.9,6
1718,0.9954,9.0,4
1719,0.9933,9.4,6
1720,0.9941,10.8,7
1721,0.995,10.9,7
1723,0.9912,11.5,8
1724,0.9945,10.5,6
1725,0.9952,9.3,6
1726,0.9924,11.8,6
1727,0.9986,10.0,6
1728,0.9953,9.4,5
1729,0.9939,11.4,6
1730,0.9929,10.4,6
1731,0.9988,9.5,6
1732,0.9906,11.9,5
1733,0.9914,11.1,6
1734,0.9978,9.6,6
1735,0.9928,12.0,6
1736,0.9948,8.7,5
1737,0.9978,9.6,6
1738,0.9946,10.0,5
1739,0.9908,11.4,4
1740,0.9954,9.6,6
1741,0.9906,12.9,6
1742,0.99705,9.7,6
1743,0.9982,9.3,6
1744,0.9932,9.1,5
1745,0.9977,8.6,5
1746,0.994,9.9,5
1747,0.9982,9.3,6
1748,0.9929,10.9,5
1749,0.9924,10.2,6
1750,0.9966,9.7,6
1751,0.9921,11.4,7
1752,0.9967,9.5,6
1753,0.9934,10.2,7
1754,0.9914,11.1,6
1755,0.99705,9.7,6
1756,0.9961,9.3,5
1757,0.9967,8.8,5
1758,0.9926,10.6,5
1759,0.99605,9.3,5
1760,0.99435,10.2,6
1761,0.9948,10.2,6
1762,0.9916,11.0,7
1763,0.997,9.6,6
1764,0.9961,9.3,5
1765,0.9967,8.8,5
1766,0.9961,8.8,5
1767,0.9955,8.9,5
1768,0.9922,10.0,5
1769,0.9918,12.2,7
1770,0.9955,10.9,6
1771,0.9941,9.5,6
1772,0.9955,10.9,6
1773,0.9955,10.9,6
1774,0.9924,10.8,6
1776,0.999,9.8,5
1777,0.9941,9.5,6
1778,0.9922,11.0,8
1779,0.9922,11.0,8
1780,0.9953,9.8,5
1781,0.9945,10.5,4
1782,0.9945,11.4,6
1783,0.9957,10.1,6
1784,0.9932,11.6,7
1785,0.9945,11.4,6
1786,0.9913,11.8,7
1787,0.9909,12.1,7
1788,0.9939,12.0,5
1789,0.991,12.1,7
1790,0.9954,9.1,5
1791,0.9943,9.3,5
1792,0.993,10.4,6
1793,1.0002,9.1,5
1794,0.9946,9.4,5
1795,0.9953,9.6,6
1796,0.9918,12.0,5
1797,0.9936,11.3,8
1798,0.9984,8.7,6
1799,0.9956,9.9,6
1800,0.9966,9.3,6
1801,0.9942,9.5,5
1802,0.9984,8.7,6
1803,0.9956,9.9,6
1804,0.9966,9.3,6
1805,0.9974,9.4,5
1806,0.9944,9.4,5
1807,1.0008,8.8,6
1808,0.9974,9.4,5
1809,1.0008,8.8,6
1810,0.9928,9.9,6
1811,0.9944,9.4,5
1812,0.9908,12.6,6
1813,0.9917,11.1,6
1814,0.9911,12.8,7
1815,0.9912,12.0,6
1816,0.9953,12.0,7
1817,0.9932,9.2,4
1818,0.9896,12.3,6
1819,0.9889,13.0,6
1820,0.9912,12.0,6
1821,0.9926,10.9,5
1822,0.9911,12.8,7
1823,0.9964,10.0,6
1824,0.9974,9.0,5
1825,0.9944,10.4,5
1826,0.9974,9.0,5
1827,0.9964,10.0,6
1828,0.9963,10.0,6
1829,0.9948,11.3,7
1830,0.9948,11.3,7
1831,0.9953,12.0,7
1832,0.9948,11.3,7
1833,0.9953,12.0,7
1834,0.9949,10.6,6
1835,0.9988,9.3,5
1836,0.9954,9.4,6
1837,0.992,11.0,7
1838,0.9984,9.3,6
1839,0.9954,9.4,6
1840,0.9926,10.5,5
1841,0.992,11.0,7
1842,0.9976,9.5,6
1844,0.991,12.3,6
1845,0.998,9.0,5
1846,0.9966,9.0,5
1847,0.998,9.0,5
1848,1.0007,9.0,5
1849,0.992,11.4,6
1850,0.9925,11.0,7
1851,0.991,12.3,6
1852,0.9934,10.4,7
1853,0.9955,10.3,5
1854,0.9944,10.5,7
1855,0.9981,9.8,6
1856,0.9968,10.0,4
1857,0.9946,9.7,5
1858,0.9946,9.7,5
1859,0.9981,9.8,6
1860,0.9946,10.5,6
1861,0.997,10.0,6
1862,0.9924,11.5,7
1863,0.9958,9.5,5
1864,0.994,10.5,6
1865,0.9958,10.2,6
1866,0.9984,9.8,6
1867,0.9948,11.6,6
1868,0.9932,11.8,7
1869,0.9952,10.1,7
1870,0.9924,10.3,6
1871,0.9945,10.4,6
1872,0.9976,8.9,5
1873,0.9976,8.9,5
1874,0.9938,10.8,5
1875,0.9997,9.2,5
1876,0.994,9.6,6
1877,0.9921,10.4,6
1878,0.9986,8.7,6
1879,0.9987,9.2,6
1880,0.9991,9.2,5
1881,0.9987,9.2,6
1882,0.9991,9.2,5
1883,0.9991,9.2,5
1884,0.9948,10.2,5
1885,0.9987,9.2,6
1886,0.993,9.0,5
1887,0.9988,9.7,5
1888,1.0,9.6,5
1889,0.9932,10.0,5
1890,0.9991,9.2,5
1891,0.9989,9.1,5
1892,1.0,8.7,5
1893,1.0,8.7,5
1894,0.9952,9.5,5
1895,0.9969,9.5,6
1896,0.9966,8.9,6
1897,0.9966,8.9,6
1898,0.9976,9.9,6
1899,0.99,12.6,7
1900,0.9988,9.7,6
1901,0.9942,10.4,5
1902,0.9984,9.1,6
1903,0.9932,10.4,5
1904,0.9969,9.5,6
1905,0.9966,8.9,6
1906,0.9933,10.6,5
1907,0.9916,12.0,7
1908,0.9914,12.5,7
1909,0.9966,9.6,5
1910,0.9958,9.2,5
1911,0.9926,9.9,6
1912,0.9939,11.7,6
1913,0.9953,9.6,6
1914,0.9906,12.0,6
1915,0.9914,12.5,7
1916,0.9958,9.2,5
1917,0.9926,9.9,6
1918,0.9991,8.9,6
1919,0.9994,9.0,6
1920,0.9976,10.2,7
1921,0.9966,9.6,5
1922,0.9953,9.4,5
1923,0.9923,10.4,5
1924,0.993,10.4,4
1925,0.9931,10.0,6
1926,0.9932,10.0,6
1927,0.9926,10.5,5
1928,0.9938,11.4,6
1929,0.9966,10.2,5
1930,0.9974,10.4,6
1931,0.9924,11.0,3
1932,0.9948,10.1,6
1933,0.9964,9.2,5
1934,0.9924,10.3,6
1935,0.9966,10.2,5
1936,0.9974,10.4,6
1937,0.9938,11.1,7
1938,0.9928,9.9,5
1939,0.9959,9.0,5
1940,1.0001,8.6,5
1941,0.9959,9.0,5
1942,1.0001,8.6,5
1943,0.9968,9.5,5
1944,0.9932,9.0,5
1945,0.9954,10.0,6
1946,0.9992,9.0,6
1947,0.9932,9.0,5
1948,0.9939,10.2,7
1949,0.9952,9.6,5
1950,0.9996,9.7,5
1951,0.9966,10.2,4
1953,0.996,10.8,6
1954,0.9996,9.7,5
1955,0.9973,9.0,5
1956,0.9937,9.9,5
1957,0.9966,9.2,6
1959,0.993,10.1,5
1960,0.993,10.1,5
1961,0.9959,9.5,5
1962,0.9958,9.9,5
1964,0.9958,9.0,5
1965,0.9979,8.6,6
1966,0.9941,10.5,6
1967,0.997,9.5,7
1968,0.9934,10.1,6
1969,0.9927,11.7,7
1970,0.9944,10.7,6
1971,0.9927,11.7,7
1972,0.9963,9.2,5
1973,1.0011,8.8,5
1974,1.0011,8.8,5
1975,0.9959,9.5,6
1976,0.9973,10.2,5
1977,0.9966,9.1,6
1978,0.9932,10.5,6
1979,0.9984,9.0,6
1980,0.999,8.9,8
1981,0.999,8.9,8
1982,0.999,8.9,8
1983,0.999,8.9,8
1984,0.999,8.9,8
1985,1.0006,9.1,6
1986,0.9937,10.1,6
1987,0.9954,10.0,5
1988,0.997,9.5,6
1989,0.9912,12.3,7
1990,0.9939,9.1,4
1991,0.999,8.9,8
1992,0.9957,9.6,5
1993,0.9926,11.6,6
1994,0.9994,8.8,6
1995,1.0004,8.9,6
1996,0.9994,8.8,6
1997,1.0004,8.9,6
1998,1.0004,8.9,6
1999,1.0002,9.0,6
2000,0.9922,10.0,5
2001,0.9922,10.0,5
2002,0.9934,11.1,6
2003,0.9926,11.6,6
2004,0.9941,10.6,6
2005,0.9994,8.8,6
2006,1.0004,8.9,6
2007,0.9924,10.1,6
2008,0.9948,10.0,5
2009,0.9935,12.2,7
2010,0.9918,11.0,6
2011,0.9948,10.0,5
2012,0.9924,11.1,5
2013,0.9979,10.4,6
2014,0.993,11.8,5
2015,0.994,10.8,6
2016,0.991,12.5,7
2017,0.993,11.8,5
2018,0.9922,11.6,7
2019,0.9979,10.4,6
2020,0.9937,11.5,6
2021,0.9928,10.1,6
2022,0.9965,9.2,6
2023,0.9928,10.1,6
2024,0.9991,9.2,5
2025,0.9948,8.9,5
2026,0.9925,10.1,5
2027,0.9958,8.9,5
2028,0.9962,9.7,6
2029,0.9965,9.2,6
2030,0.9951,11.0,6
2031,0.9944,10.7,5
2032,0.9916,10.8,6
2033,0.9987,9.8,5
2034,0.9928,11.0,5
2035,0.9926,10.4,5
2036,0.9934,10.2,6
2037,0.9944,10.7,5
2038,0.9949,9.0,5
2039,0.9926,10.6,5
2040,0.997,9.5,6
2041,0.9949,9.0,5
2042,0.9948,9.2,6
2043,0.992,11.0,6
2044,0.9964,9.9,6
2045,0.9926,10.6,5
2046,0.9982,9.3,5
2047,0.9955,9.6,5
2048,0.9955,9.5,5
2049,0.9958,9.7,7
2050,0.9997,9.7,3
2051,1.0001,8.7,5
2052,1.0001,8.7,5
2053,0.9918,12.4,5
2054,0.9918,12.4,5
2055,0.9931,10.6,6
2056,1.0001,8.7,5
2057,0.9926,12.0,7
2058,0.9966,9.0,5
2059,0.9932,8.8,5
2060,0.9969,9.5,5
2061,0.9925,10.8,6
2062,0.9914,11.4,5
2063,0.996,10.3,5
2064,0.9952,9.5,6
2065,0.9934,9.9,5
2066,0.9939,10.2,5
2067,0.9939,10.2,5
2068,0.9906,11.0,6
2069,0.9901,12.1,7
2070,0.9948,9.1,6
2071,0.995,9.5,6
2072,0.9953,9.5,5
2073,0.9953,9.8,5
2074,0.9952,9.5,6
2075,0.996,10.3,5
2076,0.9948,9.6,5
2077,0.9951,10.2,6
2078,0.9931,10.5,6
2079,0.9962,10.4,4
2080,0.9948,9.6,5
2081,0.9959,10.7,5
2082,0.9962,10.5,6
2083,0.9958,10.6,5
2084,0.9948,9.6,6
2085,0.9948,9.6,6
2086,0.994,9.5,5
2087,0.9942,9.4,6
2088,0.9942,9.8,6
2089,0.9948,9.6,6
2090,0.9964,9.2,5
2091,0.9958,9.5,5
2092,0.9932,9.2,5
2093,0.9986,9.4,5
2094,0.9986,9.4,5
2095,0.9988,9.3,5
2096,0.9953,9.1,5
2097,0.9983,9.5,5
2098,1.0,9.1,6
2099,0.9951,10.6,5
2100,0.9983,9.5,5
2101,0.9906,12.4,6
2102,0.9981,8.7,5
2103,0.9936,8.8,5
2104,0.9951,10.6,5
2105,0.9953,9.1,5
2106,1.0005,9.0,5
2107,0.9972,10.3,6
2108,1.0,9.1,6
2109,0.9969,9.5,6
2110,1.0001,8.8,5
2111,1.0001,8.8,5
2112,1.0001,8.8,5
2113,0.9934,9.9,5
2114,0.9969,9.5,6
2115,1.0001,8.8,5
2116,0.9902,11.7,4
2117,0.993,10.8,5
2118,0.9914,12.0,6
2119,0.9941,10.3,4
2120,0.9967,9.0,5
2121,0.9918,12.2,7
2122,0.998,9.9,5
2123,0.9967,9.0,5
2124,0.9918,12.2,7
2125,0.9957,10.1,5
2126,0.9986,9.3,5
2127,0.9958,9.5,5
2128,0.9948,9.2,6
2129,0.9918,11.7,5
2130,0.9923,11.0,5
2131,0.9998,9.6,6
2132,0.9998,9.6,6
2133,0.9914,11.9,6
2134,0.9939,10.8,6
2135,0.9966,10.1,5
2136,0.995,10.9,6
2137,0.9966,10.1,5
2138,0.994,10.4,5
2139,0.9972,9.2,5
2140,0.9998,9.6,5
2141,0.9998,9.6,5
2142,0.9982,9.0,5
2143,0.9924,11.5,7
2144,0.9972,10.2,6
2145,0.997,9.9,6
2146,0.9954,9.6,6
2147,0.9962,10.6,5
2148,0.9972,9.2,5
2149,0.9921,11.8,6
2150,0.9905,12.2,6
2151,0.9998,9.6,5
2152,0.993,10.6,6
2153,0.9941,10.3,6
2155,0.9962,10.7,5
2156,0.992,11.7,4
2157,0.9922,12.0,6
2158,0.994,10.6,6
2159,0.9897,12.2,4
2160,0.9954,11.0,6
2161,0.99,12.4,7
2162,0.9948,9.4,6
2163,0.9922,12.0,6
2165,0.9944,9.4,5
2166,0.9944,9.4,5
2167,0.9986,9.1,7
2168,0.9986,9.1,7
2169,0.9986,9.1,7
2170,0.9986,9.1,7
2171,0.9986,9.1,7
2172,0.996,9.2,5
2173,0.9999,9.2,5
2174,0.9986,9.1,7
2175,0.9986,9.1,7
2176,0.996,9.2,5
2177,0.9951,9.0,7
2178,0.9999,9.2,5
2179,0.993,10.8,6
2180,0.9982,9.5,6
2181,0.992,11.0,6
2182,0.9963,10.0,5
2183,0.995,9.5,5
2184,0.9956,10.1,6
2185,0.997,9.5,7
2186,0.9936,9.5,5
2187,0.9935,9.5,5
2188,0.9963,9.4,6
2189,0.9967,9.4,6
2190,0.9912,12.7,6
2191,0.9981,9.7,5
2192,0.9966,9.7,6
2193,0.9967,9.4,6
2194,0.9963,9.4,6
2195,0.9935,9.5,5
2196,0.9902,11.7,6
2197,0.99,11.7,6
2198,0.996,9.7,5
2199,0.9966,9.5,6
2200,0.9962,9.1,5
2201,0.994,10.3,6
2202,0.996,9.7,5
2203,0.994,9.9,5
2204,0.9944,9.9,5
2205,0.9974,10.2,5
2206,0.996,12.1,6
2207,0.9922,11.3,7
2208,0.9917,11.4,5
2209,0.9918,12.2,6
2210,0.9936,9.9,7
2211,0.9938,10.3,6
2212,0.9918,12.2,6
2213,0.9939,10.4,6
2214,0.9917,11.4,5
2215,0.9981,9.9,6
2216,0.9941,10.0,5
2217,0.9928,11.5,6
2218,0.9952,10.5,6
2219,0.9898,12.5,7
2220,0.9914,10.5,6
2221,0.9981,9.9,6
2222,0.9957,11.4,7
2223,0.998,9.8,6
2224,0.9957,11.4,7
2225,0.9986,9.2,4
2226,0.9983,8.9,5
2227,0.9982,8.9,5
2228,0.997,9.5,7
2229,0.9947,11.5,6
2230,0.997,9.5,7
2231,0.9947,11.5,6
2232,0.99416,9.5,6
2233,0.99516,9.7,5
2234,0.99496,9.7,5
2235,0.9974,9.5,6
2236,0.99579,9.4,5
2237,0.9983,9.0,4
2238,0.99471,10.6,6
2239,0.9974,9.5,6
2240,0.99644,9.1,5
2241,0.99579,9.4,5
2242,0.99699,8.8,5
2243,0.99758,10.4,5
2244,0.9977,8.9,5
2245,0.99397,10.6,7
2246,0.9983,9.0,4
2247,0.99471,10.6,6
2248,0.99243,10.6,6
2249,0.9962,9.0,5
2251,0.99384,10.5,7
2252,0.99582,9.5,5
2253,0.9962,9.0,5
2254,0.9924,10.4,6
2255,0.99466,10.0,6
2256,0.99212,10.4,5
2257,0.99449,9.0,6
2258,0.99748,9.3,5
2259,0.99449,9.0,6
2260,0.99748,9.3,5
2261,0.99475,9.0,6
2262,0.99189,11.5,6
2263,0.99827,9.0,5
2264,0.99752,10.4,6
2265,0.99827,9.0,5
2266,0.99479,10.6,5
2267,0.99752,10.4,6
2269,1.00047,9.3,6
2270,0.99382,10.5,7
2271,0.99784,9.9,6
2272,0.99486,10.4,6
2273,0.99537,10.1,5
2274,0.99382,10.5,7
2275,0.99838,9.2,4
2276,0.99566,9.4,6
2277,0.99268,10.6,6
2278,0.99566,9.4,6
2279,0.99468,8.7,5
2280,0.9933,10.2,6
2281,0.99307,10.3,6
2282,0.99907,9.5,5
2283,0.99907,9.5,5
2284,0.99907,9.5,5
2285,0.99907,9.5,5
2286,0.99471,9.4,5
2287,0.99471,9.4,5
2288,0.99907,9.5,5
2289,0.99148,12.6,7
2290,0.99383,10.5,7
2291,0.99365,10.8,6
2292,0.99272,9.9,6
2293,0.99148,12.6,7
2294,0.99235,12.2,7
2295,0.99508,10.0,6
2296,0.9946,10.6,7
2297,0.99674,9.5,6
2298,0.99018,12.8,8
2299,0.99235,12.2,7
2300,0.99084,12.6,7
2301,0.99856,9.4,5
2302,0.99591,9.0,5
2303,0.9975,9.1,5
2304,0.9944,9.4,6
2305,0.99173,12.2,7
2306,0.99378,10.0,5
2307,0.99805,9.2,5
2308,0.99534,9.3,5
2309,0.99232,9.8,6
2310,0.99805,9.2,5
2311,0.99078,12.0,7
2312,0.99534,9.3,5
2313,0.99061,12.6,7
2314,0.99182,12.2,6
2315,0.9966,11.0,6
2316,0.9912,12.0,7
2317,0.99779,8.8,5
2318,0.99814,8.9,4
2319,0.99096,12.7,7
2320,0.99379,11.8,6
2321,0.99426,10.2,5
2322,0.99228,9.9,6
2323,0.99335,11.1,6
2324,0.99595,9.4,5
2325,0.99297,9.7,6
2326,0.99687,9.7,5
2327,0.99297,9.7,6
2328,0.99687,9.7,5
2329,0.99445,9.8,5
2330,0.9986,9.3,6
2331,0.99154,10.5,5
2332,0.9981,9.3,6
2333,0.98993,12.6,8
2335,0.99716,10.3,5
2336,0.99437,10.6,5
2337,0.9972,9.0,4
2338,0.99756,9.7,5
2339,0.99509,9.5,6
2340,0.99572,10.3,6
2341,0.99756,9.7,5
2342,0.99175,12.3,8
2343,0.99254,10.5,5
2344,0.99509,9.5,6
2345,0.99676,10.0,6
2346,0.9979,8.8,4
2347,0.99194,10.9,6
2348,0.99077,12.2,6
2349,0.99782,9.5,5
2350,0.99942,10.0,5
2351,0.99708,9.6,6
2352,0.99353,8.7,6
2353,0.99256,10.7,7
2354,0.99199,11.1,6
2355,0.9918,12.5,7
2356,0.99354,10.4,6
2357,0.99244,11.5,5
2358,0.99831,9.4,5
2359,0.99396,9.3,5
2360,0.99724,10.1,6
2361,0.99524,9.7,5
2362,0.9927,10.5,6
2363,0.99802,9.7,5
2364,0.99512,9.2,5
2365,0.99438,9.8,5
2366,0.99679,9.0,5
2367,0.99652,9.1,6
2368,0.99698,10.4,6
2369,0.99474,10.7,6
2370,0.99511,10.5,7
2371,0.99582,9.2,5
2372,0.99125,11.5,4
2373,0.99256,10.4,3
2374,0.9911,12.0,6
2375,0.99168,12.2,6
2376,0.9911,12.0,6
2377,0.99556,9.8,6
2379,0.99516,9.6,4
2380,0.99516,9.5,4
2381,0.99518,10.2,6
2382,0.99347,10.4,8
2383,0.9929,11.0,6
2384,0.99347,10.4,8
2385,0.99841,8.7,5
2386,0.99362,9.9,4
2387,0.99361,9.9,4
2388,0.9914,11.3,4
2389,0.99114,12.0,8
2390,0.9925,10.7,8
2391,0.99453,10.1,6
2392,0.9938,9.6,7
2393,0.9938,9.6,6
2394,0.99806,8.7,5
2395,0.9961,10.3,5
2396,1.00016,9.1,5
2397,0.9916,11.8,6
2398,0.99116,11.9,6
2399,0.99319,10.3,6
2400,0.99517,10.0,4
2401,0.99514,10.2,4
2402,0.99566,10.0,6
2403,0.99166,12.7,6
2404,0.99587,9.6,5
2405,0.99558,9.5,5
2406,0.99117,12.7,6
2407,0.99399,11.0,6
2408,0.99741,9.1,5
2409,0.99405,10.2,4
2410,0.99622,10.1,6
2411,1.00051,9.2,6
2412,0.99803,9.4,4
2413,0.99405,10.2,4
2414,0.99773,9.2,4
2415,0.99397,10.0,5
2416,0.99622,10.1,6
2417,0.99713,9.0,5
2418,0.99274,9.5,5
2419,1.00118,9.1,5
2421,0.9969,9.5,5
2422,0.99771,9.2,5
2423,0.99411,10.1,6
2424,0.99771,9.2,5
2425,0.99411,10.1,6
2426,0.99194,11.2,6
2427,0.99558,9.8,6
2428,0.99194,11.2,6
2429,0.99558,9.8,6
2430,0.99577,9.4,5
2431,0.99564,9.0,5
2432,0.99578,9.4,5
2433,0.99888,8.9,6
2434,1.00014,9.1,6
2435,0.99441,9.8,4
2436,0.99594,9.4,5
2437,0.99437,10.0,6
2438,0.99594,9.4,5
2439,0.9979,9.9,6
2440,0.99434,10.0,5
2441,0.99203,11.5,6
2442,0.998,9.2,5
2443,0.99316,10.0,5
2444,0.998,9.2,5
2445,0.99314,10.0,5
2446,0.99316,10.0,5
2447,0.99612,9.8,6
2448,0.99295,10.5,6
2449,0.99394,10.6,6
2450,0.99642,9.4,5
2451,0.99642,9.4,5
2452,0.99248,11.0,7
2453,0.99268,10.8,6
2454,0.99954,9.0,5
2455,0.99692,9.6,6
2456,0.99592,10.6,6
2457,0.99592,10.6,6
2458,0.99692,9.6,6
2459,0.99822,9.2,5
2460,0.99822,9.2,5
2461,0.99402,9.5,5
2462,0.99404,9.5,5
2463,0.99787,10.3,7
2464,0.99347,8.8,5
2465,0.99838,8.7,5
2466,0.99839,8.7,5
2467,0.99375,10.2,6
2468,0.99155,10.1,6
2469,0.9936,9.5,5
2470,0.99434,9.5,5
2471,0.9922,11.6,7
2472,0.99571,10.7,6
2473,0.99658,10.1,6
2474,0.99076,11.1,7
2475,0.99496,9.8,5
2476,0.9937,9.0,6
2477,0.99076,11.1,7
2478,0.99542,9.5,6
2479,0.99825,9.4,6
2480,0.99289,10.2,5
2481,0.99432,9.8,6
2482,0.99523,9.5,6
2483,0.99542,9.5,6
2484,0.9959,9.0,5
2485,0.99543,10.1,6
2486,0.99662,8.8,5
2487,0.99088,11.9,6
2488,0.99088,11.9,6
2489,0.99922,9.3,6
2490,0.9966,10.0,6
2491,0.99466,9.5,5
2492,0.99922,9.3,6
2493,0.99836,9.7,4
2494,0.99836,9.7,4
2495,0.99238,10.2,5
2496,0.99645,10.8,5
2497,1.0,8.8,5
2498,1.0,8.8,5
2499,0.99376,11.4,6
2500,1.0,8.8,5
2501,0.99513,9.8,5
2502,0.99556,9.4,4
2503,0.99556,9.4,4
2504,0.99543,9.4,6
2505,0.99886,9.4,6
2506,0.99526,9.7,6
2507,0.99166,12.3,7
2508,0.99691,9.8,6
2509,0.99732,9.0,5
2510,0.99573,9.2,6
2511,0.99656,9.4,6
2513,0.99214,9.8,5
2514,0.99165,12.3,7
2515,0.99004,11.9,7
2516,0.99463,10.2,6
2517,0.99683,9.5,6
2518,0.99004,11.9,7
2519,0.99596,9.2,5
2520,0.99898,9.7,5
2521,0.99114,11.5,7
2522,0.99508,10.4,8
2523,0.99306,11.6,5
2524,0.99898,9.7,5
2525,0.99508,10.4,8
2526,0.99114,11.5,7
2527,0.99342,10.2,6
2528,0.99345,9.8,6
2529,0.99772,9.0,5
2530,0.99239,10.5,6
2531,0.99502,9.4,4
2532,0.99502,9.4,4
2533,0.99479,10.8,5
2534,0.99207,10.7,7
2535,0.99497,10.6,6
2536,0.99828,9.2,6
2537,0.99542,9.5,6
2538,0.99542,9.5,6
2539,0.99228,10.0,5
2540,0.99706,10.6,5
2541,0.99497,10.6,6
2542,0.99669,10.6,5
2543,0.99828,9.2,6
2544,0.99269,11.0,6
2545,0.99196,11.2,6
2546,0.99662,9.6,5
2547,0.99475,9.4,5
2548,0.99544,9.5,6
2549,0.99944,9.3,5
2550,0.99475,9.4,5
2551,0.99544,9.5,6
2552,0.9966,9.4,5
2553,0.99066,11.2,7
2554,0.9907,11.2,7
2555,0.99066,11.2,7
2556,0.998,8.8,5
2557,0.9907,11.2,7
2558,0.99066,11.2,7
2559,0.99307,9.4,5
2560,0.99106,11.1,6
2561,0.99696,9.6,5
2562,0.99106,11.1,6
2563,0.99307,9.4,5
2564,0.99167,10.6,6
2565,0.99902,8.9,5
2566,0.98992,12.3,7
2567,0.99182,11.4,5
2568,0.99556,9.6,6
2569,0.99582,10.3,6
2570,0.99182,11.4,5
2571,0.98972,12.1,6
2572,0.99352,9.9,5
2573,0.9946,9.7,5
2574,0.99273,10.5,5
2575,0.99628,8.9,6
2576,0.99582,9.4,5
2577,0.99553,9.6,5
2578,0.98914,12.6,7
2579,0.99354,9.2,6
2581,0.99808,9.0,7
2582,0.99808,9.0,7
2583,0.99808,9.0,7
2584,0.99808,9.0,7
2585,0.99808,9.0,7
2586,0.99808,9.0,7
2588,0.99808,9.0,7
2589,0.99499,9.7,4
2590,0.99655,10.1,6
2591,0.99615,11.0,7
2592,0.99296,10.8,5
2593,0.99482,10.8,5
2594,0.99079,13.5,7
2595,0.99366,10.6,5
2596,0.99434,9.8,5
2597,0.98958,11.7,6
2598,0.99434,9.8,5
2599,0.99938,9.0,6
2600,0.99059,11.3,7
2601,0.99835,9.4,5
2602,0.98958,11.7,6
2603,0.99159,11.3,7
2604,0.99159,11.3,7
2605,0.98931,12.0,6
2606,0.9938,10.6,6
2607,0.99558,10.8,6
2608,0.99563,10.8,6
2609,0.98931,12.0,6
2610,0.99691,9.4,5
2611,0.9959,9.4,5
2612,0.99159,11.3,7
2613,0.99628,9.4,5
2614,0.99076,12.0,5
2615,0.99678,10.3,7
2616,0.99678,10.3,7
2617,0.99678,10.3,7
2618,0.99089,11.3,7
2619,0.99537,9.4,6
2620,1.0002,8.7,5
2621,0.99628,9.4,5
2622,0.99089,11.3,7
2623,0.99678,10.3,7
2624,0.99076,12.0,5
2626,0.99316,10.4,7
2627,0.99272,10.7,7
2628,0.99636,10.2,6
2629,0.99202,10.9,5
2630,0.99148,10.5,6
2631,0.99064,11.7,7
2633,0.99773,9.0,5
2634,1.00013,8.7,5
2635,0.98974,12.8,6
2636,0.99773,9.0,5
2637,1.00013,8.7,5
2638,0.99112,11.8,6
2639,0.99136,11.6,6
2640,0.99132,11.8,6
2641,0.99642,10.6,5
2642,0.99488,9.7,5
2643,0.99527,10.3,5
2644,0.99578,10.2,6
2645,0.99352,10.1,7
2646,0.99199,10.9,7
2648,0.99756,10.2,6
2649,0.99578,10.2,6
2650,0.99561,9.5,5
2651,0.99347,9.3,5
2652,0.98936,12.9,7
2653,0.99786,8.7,5
2654,0.99705,9.4,5
2655,0.9942,10.1,5
2656,0.9948,10.0,4
2657,0.99116,11.1,7
2658,0.99688,10.3,7
2659,0.98974,12.2,6
2660,0.99542,9.3,6
2661,0.99154,11.3,6
2662,0.99118,10.8,6
2663,0.99044,11.2,8
2664,0.9914,12.5,7
2665,0.9979,9.3,5
2666,0.98892,12.9,7
2667,0.99114,11.2,7
2668,0.99188,12.6,6
2669,0.99583,9.3,5
2670,0.98892,12.9,7
2671,0.98892,12.9,7
2672,0.99704,9.5,7
2673,0.9911,11.9,6
2674,0.99334,10.3,7
2675,0.99334,10.3,7
2676,0.99094,11.2,6
2677,0.99014,12.0,6
2678,0.99304,9.6,5
2679,0.99652,9.2,6
2680,0.98944,12.9,6
2681,0.99772,9.3,6
2682,0.99367,12.1,6
2683,0.99304,9.6,5
2684,0.99183,11.2,6
2685,0.99126,11.2,7
2686,0.98944,12.9,6
2687,0.99577,9.2,5
2688,0.99772,9.3,6
2689,0.99652,9.2,6
2690,0.99428,9.3,6
2691,0.99388,10.7,6
2692,0.99208,9.8,6
2693,0.99256,10.3,6
2694,0.99388,10.7,6
2695,0.9925,11.3,6
2696,0.99904,8.8,6
2697,0.99216,10.8,5
2698,0.99208,9.8,6
2699,0.99428,9.3,6
2700,0.99165,11.5,7
2701,0.99924,8.8,5
2702,0.99924,8.8,5
2703,0.99924,8.8,5
2704,0.9956,9.4,6
2705,0.99562,9.4,6
2706,0.9972,9.6,6
2707,0.99924,8.8,5
2708,0.9958,9.3,6
2709,0.99976,8.9,5
2710,0.99976,8.9,5
2711,0.99296,10.0,5
2712,0.9957,9.1,5
2713,0.9958,9.3,6
2714,0.99579,9.4,6
2715,0.99541,10.1,6
2716,0.99976,8.9,5
2717,0.99518,10.8,6
2718,0.99168,10.0,6
2719,0.99276,10.9,6
2720,0.99085,12.0,7
2721,0.99873,9.3,5
2722,0.99172,12.3,7
2723,0.99312,10.4,6
2724,0.99276,10.9,6
2725,0.9972,10.5,5
2726,0.99278,9.8,6
2728,0.9962,9.9,6
2729,0.99053,11.4,7
2730,0.99858,9.2,5
2731,0.9984,9.7,5
2732,0.99335,10.0,5
2733,0.99053,11.4,7
2734,0.9949,10.3,6
2735,0.9962,9.9,6
2737,0.99532,9.8,7
2738,0.99727,9.3,5
2739,0.99026,12.4,7
2740,0.99668,9.3,6
2741,0.99727,9.3,5
2742,0.9952,9.5,6
2743,0.99144,10.5,6
2744,0.99144,10.5,6
2745,0.99015,12.8,7
2746,0.9914,10.8,6
2747,0.99693,10.0,6
2748,0.99035,11.8,8
2749,0.99693,10.0,6
2750,0.99035,11.8,8
2751,0.99006,12.0,6
2752,0.99126,12.6,6
2753,0.98994,11.9,8
2755,0.9971,9.2,5
2756,0.99882,10.0,6
2757,0.99477,9.2,5
2758,0.99478,9.3,6
2759,0.99576,10.2,6
2760,0.99578,10.2,6
2761,0.99354,8.7,5
2762,0.99244,10.7,5
2763,0.99084,12.1,6
2764,0.99612,9.5,6
2765,0.99356,11.2,6
2766,0.98952,12.0,6
2767,0.99612,9.5,6
2768,0.99084,12.1,6
2769,0.99244,10.7,5
2770,0.99955,8.8,7
2771,0.99374,10.8,6
2772,0.9892,13.1,7
2773,0.99144,12.5,7
2774,0.99352,11.7,8
2775,0.99352,11.7,8
2776,0.9935,11.6,8
2777,0.99237,11.3,6
2778,0.99144,12.5,7
2779,0.99022,11.4,5
2780,0.99032,12.2,5
2782,0.99587,10.4,6
2783,0.99587,10.4,6
2784,0.99587,10.4,6
2785,0.99976,9.1,5
2786,0.99354,12.2,6
2787,0.99976,9.1,5
2788,0.99552,9.4,5
2789,0.99552,9.4,5
2790,0.99587,10.4,6
2791,0.99604,9.2,5
2792,0.99584,9.4,5
2793,0.98894,13.5,7
2794,0.9963,9.4,5
2795,0.993,10.9,8
2796,0.98894,13.5,7
2797,0.9963,9.4,5
2798,0.99068,11.4,7
2799,0.98964,12.4,7
2800,0.99604,9.2,5
2801,0.99584,9.4,5
2802,0.9923,10.5,6
2803,0.99437,11.5,8
2804,0.993,10.9,8
2805,0.99238,10.8,6
2806,0.99801,8.9,5
2807,0.99802,8.9,5
2808,0.99566,9.4,6
2809,0.99067,12.2,7
2810,0.99066,12.1,7
2811,0.9929,10.9,5
2812,0.9934,10.1,6
2813,0.99067,12.2,7
2814,0.98912,13.0,7
2815,0.99066,11.0,5
2816,0.99228,10.8,5
2817,0.98912,13.0,7
2818,0.9958,9.3,4
2819,0.99052,11.4,6
2820,0.99312,9.2,5
2821,0.9968,9.9,5
2822,0.99502,10.5,5
2823,0.99084,12.4,6
2824,0.99573,9.5,6
2825,0.99256,10.5,6
2826,0.9959,9.1,6
2827,0.99084,11.5,7
2828,0.99084,11.5,7
2829,0.99644,11.2,5
2830,0.99526,10.8,5
2831,0.9954,9.4,5
2832,0.99095,11.0,6
2833,0.99188,11.3,7
2834,0.9909,11.2,6
2835,0.99256,10.5,6
2836,0.9959,9.1,6
2837,0.99581,10.4,6
2838,0.99132,11.2,7
2840,0.99136,11.2,6
2841,0.99142,10.5,6
2842,0.99232,10.0,6
2843,0.99232,10.0,6
2844,0.993,10.9,5
2845,0.99311,10.9,7
2846,0.99132,11.2,7
2847,0.98993,11.7,5
2848,0.99208,10.0,5
2849,0.99776,9.5,5
2850,0.99839,9.0,5
2851,0.99574,10.0,5
2852,0.99093,11.9,5
2853,0.99156,10.6,6
2854,0.99278,11.0,6
2855,0.9924,11.2,7
2856,0.98984,12.0,7
2857,0.99035,12.6,8
2858,0.9924,11.2,7
2859,0.99165,10.5,6
2860,0.9923,10.2,6
2861,0.99278,11.0,6
2862,0.99008,12.2,6
2863,0.98964,12.3,6
2864,0.99156,10.6,6
2866,0.98984,12.0,7
2867,0.9889,12.7,7
2868,0.99178,10.6,5
2869,0.99076,12.3,6
2870,0.9889,12.7,7
2871,0.99046,11.4,6
2872,0.98999,12.0,7
2873,0.98946,12.4,8
2874,0.98976,12.1,7
2875,0.99046,11.4,6
2876,0.99672,10.7,5
2877,0.99482,9.3,5
2878,0.98945,12.7,6
2880,0.99362,10.7,5
2881,0.99075,11.8,7
2882,0.99436,9.9,5
2883,0.98988,13.4,7
2884,0.99158,12.8,7
2886,0.99195,10.5,5
2887,0.99168,11.5,5
2888,0.9918,10.5,4
2890,0.9895,12.4,8
2891,0.9932,10.2,6
2892,0.99848,9.0,5
2893,0.9909,12.0,7
2894,0.99014,11.7,7
2895,0.9952,10.0,5
2896,0.99652,10.3,5
2897,0.99848,9.0,5
2898,0.99104,11.1,5
2899,0.99772,9.0,5
2900,0.9922,10.5,6
2901,0.99076,11.9,7
2902,0.99622,9.4,5
2903,0.9902,11.4,6
2904,0.99114,10.8,7
2905,0.9938,9.8,5
2906,0.99594,9.3,5
2907,0.9902,11.4,6
2908,0.99035,11.3,6
2909,0.99032,11.3,6
2910,0.99558,9.5,5
2911,0.99622,9.4,5
2912,0.99076,11.9,7
2913,0.99413,9.3,5
2914,0.99043,11.4,6
2915,0.99043,11.4,6
2916,0.98982,12.7,6
2917,0.98934,13.5,7
2918,0.9902,11.2,6
2919,0.99449,10.7,5
2920,0.99629,10.8,4
2921,0.9948,10.5,6
2922,0.98984,13.0,8
2923,0.99326,10.8,6
2924,0.99834,9.1,6
2925,0.99555,10.1,5
2926,0.98975,11.9,8
2927,0.99216,12.0,7
2928,0.99216,12.0,7
2929,0.99834,9.1,6
2930,0.9901,11.6,8
2931,0.98975,11.9,8
2932,0.99573,10.2,6
2933,0.99326,10.8,6
2934,0.99215,9.8,5
2935,0.98993,11.4,4
2936,0.99218,9.8,5
2937,0.99555,10.1,5
2938,0.99564,9.8,8
2939,0.99564,9.8,8
2940,0.99397,10.7,6
2941,0.99576,10.6,5
2942,0.99601,9.3,5
2943,0.99564,9.8,8
2944,0.99397,10.7,6
2946,0.99308,11.0,6
2947,0.99308,11.0,6
2948,0.99582,9.4,6
2949,0.99494,9.0,6
2950,0.9929,9.0,5
2951,0.99471,10.0,5
2952,0.9929,9.0,5
2953,0.9929,9.0,5
2954,0.99037,12.4,7
2955,0.99304,11.3,5
2956,0.99026,12.0,6
2957,0.98986,11.7,6
2958,0.99471,10.0,5
2959,0.98951,13.2,7
2960,0.99634,11.0,7
2961,0.99368,11.0,6
2962,0.99792,9.2,5
2963,0.99026,13.0,7
2964,0.99362,10.6,5
2965,0.98919,13.0,8
2966,0.99835,9.0,6
2967,0.99835,9.0,6
2968,0.99038,11.5,5
2969,0.99104,11.0,6
2970,0.99038,11.5,5
2971,0.99286,9.9,5
2972,0.99296,10.4,6
2973,0.99835,9.0,6
2974,0.9954,9.9,6
2975,0.9914,11.0,6
2976,0.99286,12.1,6
2977,0.99604,9.7,6
2978,0.99604,9.7,6
2979,0.99119,12.2,7
2980,0.99007,12.4,7
2981,0.99507,10.5,7
2982,0.99596,10.4,6
2983,0.99011,12.0,6
2984,0.99184,12.7,6
2985,0.99469,10.9,7
2986,0.99469,10.9,7
2987,0.99406,10.9,7
2988,0.99305,11.4,7
2989,0.99096,11.0,6
2990,0.98956,12.6,7
2991,0.9921,11.6,7
2992,0.99496,10.5,7
2993,0.99406,10.9,7
2994,0.99406,10.9,7
2995,0.9888,12.5,6
2996,0.98942,12.1,8
2997,0.99082,11.3,6
2998,0.98802,13.3,7
2999,0.99406,10.9,7
3000,0.99469,10.9,7
3001,0.99496,10.5,7
3002,0.9921,11.6,7
3003,0.99305,11.4,7
3004,0.99074,11.0,6
3005,0.98968,12.1,6
3006,0.99096,11.0,6
3007,0.98956,12.6,7
3008,0.9887,13.0,7
3009,0.99941,8.8,6
3010,0.99388,9.5,5
3011,0.99206,11.8,6
3012,0.99035,12.2,6
3013,0.99581,10.7,6
3015,0.99362,11.4,6
3016,0.99581,10.7,6
3017,0.99016,12.0,6
3018,0.99176,11.9,8
3019,0.99362,11.4,6
3020,0.99439,11.8,6
3021,0.99458,10.6,4
3022,0.99418,9.7,5
3024,0.99581,10.7,6
3025,0.99178,11.0,7
3026,0.99456,10.5,6
3027,0.99578,10.4,5
3028,0.99546,10.5,6
3029,0.99518,12.0,8
3030,0.99518,12.0,8
3031,0.99646,9.2,6
3032,0.99264,10.9,5
3033,0.99578,9.5,6
3034,0.99604,9.4,6
3035,0.99014,11.3,7
3036,0.99489,10.4,5
3037,0.99884,9.4,6
3038,0.99054,11.3,6
3039,0.99782,8.8,6
3040,0.99519,10.8,5
3041,0.99882,9.4,6
3042,0.99884,9.4,6
3043,0.9931,9.2,6
3044,0.99666,10.3,6
3045,0.99324,9.9,6
3046,0.99086,12.4,6
3047,0.9908,11.9,5
3048,0.99067,11.7,6
3049,0.99711,9.4,5
3050,0.99452,9.6,4
3051,0.99711,9.4,5
3052,0.9945,10.4,7
3053,0.99427,9.5,5
3054,0.99152,11.9,6
3055,0.98935,12.5,6
3056,0.98876,13.4,5
3057,0.99174,12.7,5
3058,0.99572,9.1,5
3059,0.99184,10.5,6
3060,0.99454,10.4,5
3061,0.99454,10.4,5
3062,0.99164,12.5,8
3063,0.99454,10.4,5
3064,0.99778,9.0,5
3065,0.9975,9.8,6
3066,0.99778,9.0,5
3067,0.99205,10.7,4
3068,0.98962,12.4,6
3069,0.99118,12.5,8
3070,0.99164,12.5,8
3071,0.99274,12.1,7
3072,0.99184,11.3,6
3073,0.99052,12.0,5
3074,0.99546,10.4,5
3075,0.98972,12.2,7
3076,0.9942,8.6,5
3077,0.99572,9.1,5
3078,0.99022,12.1,5
3079,0.99253,12.0,5
3080,0.99184,10.5,6
3081,0.99454,10.4,5
3082,0.9903,11.9,6
3083,0.98906,13.7,7
3084,0.99146,11.3,6
3085,0.9951,10.5,6
3086,0.98906,13.7,7
3087,0.995,10.1,3
3088,0.98876,12.3,6
3089,0.98956,12.0,7
3090,0.99146,11.3,6
3091,0.99592,9.5,6
3092,0.99129,11.4,6
3093,0.99064,11.9,7
3094,0.99368,10.0,6
3095,0.99368,10.0,6
3096,0.99121,11.3,7
3097,0.99104,11.7,5
3098,0.99221,11.0,7
3099,0.98924,12.2,7
3100,0.99176,10.7,7
3101,0.99432,10.9,6
3102,0.99366,10.2,6
3103,0.99064,11.9,7
3104,0.99178,11.1,5
3105,0.99126,11.2,6
3106,0.99129,11.4,6
3107,0.99252,10.6,6
3108,0.99709,10.3,5
3109,0.99513,10.4,4
3110,0.99045,11.9,6
3111,0.99,11.9,7
3112,0.99305,10.4,5
3113,0.99888,9.2,6
3114,0.99182,11.3,6
3115,0.99182,11.3,6
3116,0.9913,11.0,7
3117,0.99,11.9,7
3118,0.98836,12.9,7
3120,0.99586,9.1,6
3121,0.99305,10.4,5
3122,0.98892,12.9,6
3123,0.99156,12.2,5
3124,0.99888,9.2,6
3125,0.99534,10.3,5
3126,0.99322,11.0,7
3127,0.99296,11.0,5
3128,0.99098,11.7,6
3129,0.98972,12.0,6
3130,0.98964,12.7,6
3131,0.99918,8.8,5
3132,0.99182,11.3,6
3133,0.99008,12.8,6
3134,0.992,11.2,6
3135,0.99851,8.9,6
3136,0.99026,11.2,5
3137,0.9906,11.1,6
3138,0.99293,10.8,6
3139,0.99658,9.3,6
3140,0.99851,8.9,6
3141,0.9911,12.7,7
3142,0.9904,12.0,6
3143,0.99026,11.2,5
3144,0.99946,8.8,6
3145,0.99946,8.8,6
3146,0.99946,8.8,6
3147,0.99568,10.4,6
3148,0.99946,8.8,6
3149,0.99568,10.4,6
3151,0.99946,8.8,6
3152,0.99018,13.1,6
3153,0.98994,12.3,6
3154,0.99075,12.6,6
3155,0.99212,12.0,7
3156,0.99684,9.5,5
3157,0.99212,12.0,7
3158,0.99036,12.7,7
3159,0.99456,10.5,6
3160,0.98865,12.9,6
3161,0.99684,9.5,5
3162,0.99212,12.0,7
3163,0.99036,12.7,7
3164,0.99222,11.9,6
3165,0.99022,12.0,6
3166,0.99076,12.5,6
3167,0.99144,12.1,7
3168,0.98961,12.5,6
3169,0.9936,9.9,6
3170,0.99126,10.7,6
3171,0.99044,12.0,6
3172,0.99123,12.2,8
3173,0.99123,12.4,8
3174,0.9916,12.4,8
3175,0.9959,10.3,6
3176,0.99044,12.0,6
3177,0.9931,10.5,5
3178,0.99422,9.5,6
3179,0.99194,10.5,4
3180,0.98926,12.3,6
3181,0.99306,11.9,6
3182,0.99164,9.8,5
3183,0.98926,12.3,6
3184,0.98988,11.4,7
3185,0.99268,11.0,6
3186,0.99373,10.8,4
3187,0.98939,12.8,7
3188,0.99318,11.0,8
3189,0.99196,10.2,5
3190,0.98952,12.5,7
3191,0.9911,11.6,6
3192,0.99306,11.9,6
3193,0.99164,9.8,5
3194,0.99111,11.0,5
3195,0.99321,10.9,6
3196,0.99326,11.0,7
3197,0.99124,12.5,6
3198,0.99326,11.0,7
3199,0.99214,12.0,7
3200,0.9897,12.4,7
3201,0.99124,12.5,6
3202,0.98915,12.8,7
3203,0.99326,11.0,7
3204,0.99692,9.1,5
3205,0.991,12.4,7
3206,0.9913,12.9,7
3207,0.99234,10.9,6
3208,0.99402,10.8,5
3209,0.99678,10.6,5
3210,0.99458,9.0,5
3211,0.99452,12.0,6
3212,0.99033,11.8,5
3213,0.9927,10.6,6
3214,0.99002,12.3,6
3215,0.99057,11.5,6
3216,0.99127,11.1,5
3217,0.99458,9.0,5
3218,0.9927,9.9,4
3219,0.98938,12.8,7
3220,0.99001,12.9,5
3221,0.99386,12.9,6
3222,0.9899,12.0,6
3223,0.99452,12.0,6
3224,0.9913,11.2,6
3225,0.98916,13.3,7
3226,0.99276,9.9,6
3227,0.99586,9.5,6
3228,0.99556,9.4,6
3229,0.99158,11.0,7
3230,0.99548,9.4,6
3231,0.99206,11.5,6
3232,0.99412,12.5,5
3233,0.99364,11.9,6
3234,0.99338,10.4,6
3235,0.9913,11.2,6
3236,0.99123,12.5,6
3237,0.99216,11.0,7
3238,0.99328,9.8,5
3239,0.99031,12.3,7
3240,0.9908,11.0,6
3241,0.98871,12.6,7
3242,0.99119,11.6,6
3243,0.99031,12.3,7
3245,0.99328,9.8,5
3246,0.99245,11.5,6
3247,0.99116,11.6,6
3248,0.9921,11.1,7
3249,0.99216,11.0,7
3250,0.99162,11.3,6
3251,0.99632,9.9,6
3252,0.99082,12.6,8
3253,0.9905,11.8,8
3254,0.99177,11.4,5
3255,0.9986,9.2,6
3256,0.9986,9.2,6
3257,0.9986,9.2,6
3258,0.9986,9.2,6
3259,0.9986,9.2,6
3260,0.9986,9.2,6
3261,0.98923,13.0,5
3262,1.00014,9.3,7
3263,0.99026,12.6,8
3264,0.99358,9.6,6
3266,0.99407,11.8,6
3267,0.99226,10.2,6
3268,0.99097,12.7,6
3269,0.9976,9.4,5
3270,0.99166,10.2,5
3271,0.99184,12.0,7
3272,0.99135,11.3,7
3273,0.99074,11.8,7
3274,0.99193,10.9,5
3275,0.99226,9.8,4
3276,0.99142,12.2,8
3277,0.99091,11.1,7
3278,0.9976,9.4,5
3279,0.99134,11.4,6
3280,0.99166,10.2,5
3281,0.98964,12.8,6
3282,0.99229,10.1,7
3283,0.99396,9.4,6
3284,0.99148,12.2,6
3285,0.9913,10.9,7
3286,0.99126,10.9,7
3287,0.9913,10.9,7
3288,0.99396,9.4,6
3289,0.99562,9.4,5
3290,0.99128,11.4,5
3291,0.98896,12.9,8
3292,0.99558,9.4,5
3293,0.98961,12.0,7
3294,0.99338,10.1,6
3295,0.99558,9.4,5
3296,0.99562,9.4,5
3297,0.99572,9.2,5
3298,0.99056,11.8,6
3299,0.99146,12.3,7
3300,0.99128,11.4,5
3301,0.98896,12.9,8
3302,0.99172,12.3,6
3303,0.99012,13.5,7
3304,0.98912,12.8,7
3305,0.98902,12.8,7
3306,0.98912,12.8,7
3307,0.99395,11.0,3
3308,0.99539,10.6,6
3309,0.99129,12.4,7
3310,0.98956,12.9,7
3311,0.9916,11.1,7
3312,0.98889,12.9,7
3313,0.99012,11.8,7
3314,0.99833,9.1,6
3315,0.98853,12.7,7
3316,0.98942,12.0,6
3317,0.99266,11.2,6
3318,0.98962,12.4,7
3319,0.99168,10.4,5
3320,0.9968,10.4,5
3321,0.98934,12.7,6
3322,0.98995,12.5,7
3323,0.991,12.0,6
3324,0.99152,11.6,6
3325,0.99048,12.6,7
3326,0.99204,10.2,5
3327,0.99202,10.4,7
3328,0.9906,11.5,5
3329,0.99091,11.0,6
3330,0.99472,10.1,6
3331,0.99452,10.5,6
3332,0.99177,12.1,7
3333,0.9934,9.9,6
3334,0.99082,11.4,6
3335,0.99784,9.5,6
3336,0.99784,9.5,6
3337,0.99784,9.5,6
3338,0.99665,10.9,6
3339,0.99422,9.5,6
3340,0.98999,12.6,6
3341,0.99422,9.5,6
3342,0.99254,11.1,5
3343,0.99782,9.5,7
3344,0.99784,9.5,6
3345,0.9952,10.6,6
3346,0.99519,10.6,6
3347,0.99384,10.8,6
3348,0.99665,10.9,6
3349,0.99596,9.9,6
3350,0.9935,11.3,6
3351,0.98862,12.6,6
3352,0.99151,12.5,6
3353,0.9922,12.4,6
3354,0.99426,11.8,7
3355,0.99168,12.2,6
3356,0.99556,10.7,6
3357,0.99356,11.3,7
3358,0.99151,12.5,6
3359,0.9922,12.4,6
3360,0.99072,11.3,7
3361,0.99596,9.9,6
3362,0.9935,11.3,6
3363,0.98862,12.6,6
3364,0.98954,11.5,6
3365,0.99076,12.3,7
3366,0.9889,12.2,6
3367,0.98794,13.2,6
3368,0.99207,10.2,6
3369,0.99355,11.5,7
3370,0.98794,13.2,6
3371,0.9889,12.2,6
3372,0.99336,11.0,6
3373,0.98882,13.2,7
3374,0.99341,9.5,5
3375,0.997,10.2,6
3376,0.99207,10.2,6
3377,0.99174,11.4,6
3378,0.99042,12.5,8
3379,0.9984,9.2,5
3380,0.99111,12.1,7
3381,0.9933,10.7,7
3382,0.99111,12.1,7
3383,0.99316,11.2,6
3384,0.9946,10.6,6
3385,0.99,11.8,6
3386,0.99042,12.5,8
3387,0.9984,9.2,5
3388,0.99016,12.6,6
3389,0.99381,12.8,7
3390,0.99144,12.3,6
3391,0.99139,12.3,8
3392,0.9919,12.4,6
3393,0.99192,12.3,6
3394,0.99576,9.1,5
3395,0.9958,9.1,5
3396,0.9951,10.6,6
3397,0.99304,10.3,6
3398,0.99657,9.5,5
3400,0.99392,10.8,6
3401,0.99242,11.2,5
3402,0.99392,10.8,6
3403,0.9925,11.4,5
3404,0.99092,11.2,6
3407,0.99657,9.5,5
3408,0.99642,10.2,6
3409,0.9916,11.0,3
3410,0.99458,11.5,7
3411,0.99373,9.8,6
3412,0.99586,10.1,6
3413,0.99942,8.8,6
3414,0.99458,11.5,7
3415,0.9895,12.7,7
3416,0.9963,9.8,6
3417,0.9892,12.9,4
3418,0.9963,9.8,6
3419,0.9895,12.7,7
3421,0.99036,12.7,8
3422,0.989,13.1,8
3423,0.99947,9.1,5
3424,0.9916,12.5,6
3425,0.99945,9.1,6
3426,0.99945,9.1,6
3427,0.99375,11.2,6
3428,0.9916,12.5,6
3429,0.99947,9.1,5
3430,0.99945,9.1,6
3431,0.99946,9.1,6
3432,0.99153,11.5,5
3433,0.98834,12.9,7
3434,0.99138,12.5,6
3435,0.98928,12.3,6
3436,0.99246,11.4,6
3437,0.99576,9.4,5
3438,0.99956,9.1,5
3439,0.99576,9.4,5
3440,0.99026,12.0,5
3441,0.99174,11.1,5
3442,0.99058,11.8,7
3443,0.9905,11.4,6
3444,0.99956,9.1,5
3445,0.99192,12.1,8
3446,0.99554,10.4,6
3447,0.99536,9.2,6
3448,0.99056,13.0,7
3449,0.99192,12.1,8
3450,0.99112,11.5,7
3451,0.99112,11.5,7
3452,0.99616,10.0,5
3454,0.98918,12.4,5
3455,0.98926,12.2,6
3456,0.99114,10.6,5
3457,0.9912,11.1,7
3458,0.98936,13.9,7
3459,0.9983,9.2,6
3460,0.99532,10.5,6
3461,0.99189,11.3,8
3462,0.99,12.9,6
3463,0.98914,12.9,7
3464,0.99537,9.6,5
3465,0.99,12.9,6
3466,0.99,12.9,6
3467,0.99742,8.8,5
3468,0.98884,13.2,8
3469,0.9983,9.2,6
3470,0.99189,11.3,8
3471,0.99532,10.5,6
3472,0.99284,10.5,6
3473,0.99026,12.6,8
3474,0.99297,9.5,6
3475,0.99711,9.8,6
3476,0.98934,13.4,8
3477,0.9913,11.8,7
3478,0.99711,9.8,6
3479,0.98964,13.1,7
3480,0.99026,12.6,8
3481,0.992,10.4,5
3482,0.98944,13.4,8
3483,0.99031,13.0,7
3484,0.98934,13.4,8
3485,0.99393,10.2,7
3486,0.9904,11.7,6
3487,0.99297,9.5,6
3488,0.99088,11.7,6
3489,0.99254,11.4,8
3490,0.9913,11.8,7
3491,0.99158,11.2,6
3494,0.99473,10.9,6
3495,0.98998,11.6,7
3496,0.99146,11.3,7
3498,0.99273,10.5,6
3499,0.98922,13.1,7
3501,0.99473,10.9,6
3502,0.99869,9.1,5
3503,0.9896,13.4,7
3504,0.99108,11.5,7
3505,0.99134,11.2,7
3506,0.99385,10.9,6
3507,0.98936,13.5,7
3508,0.99869,9.1,5
3509,0.99606,9.9,6
3510,0.99508,10.5,6
3511,0.99038,11.7,7
3512,0.99158,11.0,6
3513,0.9932,13.0,6
3514,0.99164,13.6,6
3515,0.98987,12.3,7
3516,0.98947,13.3,7
3517,0.98819,13.7,7
3518,0.99133,11.1,5
3520,0.99571,9.1,5
3521,0.99139,11.3,7
3522,0.99537,9.4,5
3523,0.99571,9.1,5
3524,0.99186,11.6,6
3525,0.99186,11.6,6
3526,0.98984,12.4,6
3527,0.9963,9.8,6
3528,0.99312,11.1,4
3529,0.9897,13.1,7
3530,0.9955,9.7,5
3531,0.99528,9.2,5
3532,0.99279,11.7,6
3533,0.99704,10.6,6
3534,0.9955,9.7,5
3535,0.99528,9.2,5
3536,0.9914,10.9,6
3537,0.99224,10.1,5
3538,0.99074,12.2,7
3539,0.98892,12.7,6
3540,0.98959,13.0,6
3541,0.99212,11.2,6
3542,0.99576,9.4,6
3543,0.9919,11.0,6
3544,0.9919,11.0,6
3545,1.00037,9.2,6
3546,0.99576,9.4,6
3547,1.00037,9.2,6
3548,0.992,12.3,6
3549,0.9919,11.0,6
3550,0.99218,10.0,6
3551,0.99855,9.0,6
3552,0.99855,9.0,6
3553,0.99855,9.0,6
3554,0.99062,11.1,6
3555,0.99362,9.9,6
3556,0.99324,12.2,7
3557,0.99062,11.1,6
3558,0.99855,9.0,6
3559,0.99098,11.8,4
3560,0.99036,12.9,6
3561,0.99398,9.0,5
3562,0.9903,12.4,6
3563,0.99398,9.0,5
3564,0.99036,12.9,6
3565,0.99406,11.2,6
3566,0.9906,12.6,6
3567,0.99089,11.5,6
3568,0.99096,11.3,7
3569,0.99406,11.2,6
3570,0.99089,11.5,6
3571,0.9936,10.5,4
3572,0.9906,12.6,6
3573,0.9911,11.9,6
3574,0.99396,10.1,6
3575,0.99089,11.0,7
3576,0.9968,10.6,5
3577,0.99138,11.3,7
3578,0.99098,11.2,4
3579,0.99238,11.5,7
3580,0.99244,11.1,5
3581,0.99176,12.8,7
3582,0.98993,12.3,6
3583,0.9929,10.4,6
3584,0.99238,11.5,7
3585,0.98988,11.7,7
3586,0.992,10.7,7
3587,0.99784,9.5,6
3588,0.99784,9.5,6
3589,0.99784,9.5,6
3590,0.99006,12.0,7
3591,0.99211,10.8,5
3592,0.99202,10.7,7
3593,0.992,10.7,7
3594,0.99332,10.7,7
3595,0.98958,12.1,7
3596,0.98939,11.9,7
3597,0.99492,10.8,6
3598,0.99043,12.3,7
3599,0.99787,9.4,6
3600,0.99654,9.9,6
3601,0.99304,10.4,7
3602,0.9952,10.4,6
3603,0.99165,12.6,7
3604,0.9892,12.5,6
3605,0.99628,9.4,5
3606,0.99604,9.2,5
3607,0.99164,11.2,6
3608,0.998,9.2,6
3609,0.998,9.2,6
3610,0.99628,9.4,5
3611,0.99164,11.2,6
3612,0.99226,10.8,6
3613,0.998,9.2,6
3614,0.99604,9.2,5
3615,0.98914,12.5,6
3616,0.99794,9.3,5
3617,0.99048,11.4,5
3618,0.99726,10.0,7
3620,0.99278,10.7,7
3621,0.99726,10.0,7
3622,0.98914,12.5,6
3624,0.99054,12.8,7
3625,0.99794,9.3,5
3626,0.99048,11.4,5
3627,0.99459,9.5,5
3628,0.99459,9.5,6
3629,0.9946,9.5,6
3630,0.99362,10.8,6
3631,0.99362,10.8,6
3632,0.99966,8.8,6
3633,0.99362,10.8,6
3634,0.99442,11.0,7
3635,0.98918,12.4,6
3636,0.99089,11.3,7
3637,0.99474,11.2,7
3638,0.99008,12.5,7
3639,0.99348,10.0,6
3640,0.99283,11.0,6
3641,0.99398,10.5,6
3642,0.99398,10.5,6
3643,0.99283,11.0,6
3644,0.9908,11.4,7
3645,0.99165,11.3,6
3646,0.99076,12.2,7
3647,0.98942,12.6,7
3648,0.99244,11.1,5
3649,0.99058,12.3,6
3650,0.99255,10.4,4
3651,0.99916,8.8,6
3652,0.99306,9.5,6
3653,0.99916,8.8,6
3654,0.99498,10.4,6
3655,0.99,13.0,7
3656,0.99338,12.2,7
3657,0.99456,10.5,8
3658,0.9926,10.8,7
3659,0.98856,13.2,8
3660,0.98946,13.0,8
3661,0.99346,10.0,6
3662,0.99268,10.4,4
3663,0.98944,12.4,6
3664,0.98976,12.9,8
3665,0.98856,13.2,8
3666,0.99523,10.5,7
3667,0.98946,13.0,8
3668,0.99402,11.2,5
3669,0.98916,12.7,7
3670,0.99655,9.4,6
3671,0.99071,12.9,7
3672,0.98889,13.0,8
3673,0.98742,13.6,7
3674,0.99336,9.1,5
3675,0.992,10.4,6
3676,0.98742,13.6,7
3677,0.99275,12.2,6
3678,1.00044,8.7,5
3679,0.99444,10.5,7
3680,0.99742,10.2,6
3681,0.99228,12.5,8
3682,0.99058,11.3,7
3683,0.99742,10.2,6
3684,0.99164,12.6,7
3685,0.99742,10.2,6
3686,0.99438,9.8,5
3687,0.99402,10.8,5
3688,0.99128,12.5,6
3689,0.99228,12.5,8
3690,0.991,11.5,7
3691,0.9931,11.4,6
3692,0.99444,10.5,7
3693,0.99164,12.6,7
3694,1.00044,8.7,5
3695,0.99112,11.0,6
3696,0.99058,11.3,7
3697,0.99742,10.2,6
3698,0.98961,11.6,6
3699,0.99438,9.8,5
3700,0.99344,10.1,5
3701,0.99904,9.2,5
3702,0.99884,9.1,6
3703,0.99884,9.1,6
3704,0.99884,9.1,6
3705,0.99884,9.1,6
3706,0.98949,11.7,6
3707,0.99014,12.6,6
3708,0.99786,9.0,5
3709,0.99206,10.1,5
3710,0.98722,13.6,5
3711,0.99884,9.1,6
3712,0.99666,9.2,5
3713,0.99754,8.8,5
3714,0.99272,10.0,4
3715,0.99712,9.1,6
3716,0.99104,11.2,5
3717,0.99373,9.2,6
3718,0.99904,9.2,5
3719,0.9956,9.5,5
3720,0.99095,11.9,7
3721,0.99382,9.8,5
3722,0.99382,9.8,5
3723,0.99299,10.8,7
3724,0.99048,11.3,6
3725,0.99254,12.1,6
3726,0.9902,11.3,7
3727,0.99299,10.8,7
3728,0.99012,13.5,7
3729,0.99293,10.3,5
3730,1.00022,9.0,6
3731,0.99382,11.6,6
3732,0.99293,10.3,5
3733,0.98954,12.5,6
3735,0.9884,13.4,6
3736,0.99144,12.7,4
3737,0.99324,9.2,5
3738,0.99174,10.2,6
3739,0.99792,9.0,7
3740,0.99792,9.0,7
3741,0.99792,9.0,7
3742,0.99792,9.0,7
3743,0.99792,9.0,7
3744,0.99792,9.0,7
3745,0.99792,9.0,7
3746,0.99043,11.9,5
3747,0.99654,9.0,6
3748,0.99758,9.0,5
3749,0.99374,11.0,6
3750,0.99792,9.0,7
3751,0.99243,10.0,5
3752,0.99216,10.7,5
3753,0.99215,10.7,5
3754,0.98953,13.4,8
3755,0.99278,11.0,6
3756,0.99243,10.0,5
3757,0.99216,10.7,5
3758,0.99215,10.7,5
3759,0.99278,11.0,6
3760,0.99186,11.0,6
3761,0.99072,11.1,7
3762,0.99244,10.9,5
3763,0.99084,11.5,5
3764,0.98953,13.4,8
3765,0.99754,9.4,5
3766,0.99754,9.4,5
3767,0.99754,9.4,5
3768,0.99567,10.6,6
3769,0.99754,9.4,5
3770,0.99094,12.0,4
3771,0.99532,10.2,6
3772,0.99567,10.6,6
3773,0.9874,13.5,5
3774,0.99794,9.7,5
3775,0.99122,12.2,6
3776,0.99226,12.3,5
3777,0.99122,12.2,6
3778,0.99099,11.4,7
3779,0.99134,12.7,7
3780,0.99794,9.7,5
3781,0.99338,10.8,6
3782,0.9938,11.0,6
3783,0.9955,9.5,5
3784,0.99776,10.1,6
3785,0.98964,13.2,7
3786,0.99808,8.8,5
3787,0.99551,9.5,5
3788,0.99548,9.5,5
3789,0.99541,9.5,6
3790,0.9955,9.5,5
3791,0.99536,9.5,5
3792,0.99524,10.4,6
3793,0.9961,9.9,6
3794,0.99224,10.0,5
3795,0.99776,10.1,6
3796,0.99702,9.4,6
3797,0.99657,9.3,5
3798,0.99176,10.9,5
3799,0.99166,11.4,5
3800,0.99242,10.3,5
3801,0.99109,11.0,6
3802,0.99176,10.9,5
3803,0.99278,10.8,6
3804,0.99242,10.3,5
3805,0.99109,11.0,6
3806,0.99657,9.3,5
3807,0.99358,10.2,5
3808,0.99358,10.2,6
3809,0.99278,10.8,6
3810,0.99705,10.5,3
3811,0.9912,11.1,5
3812,0.99176,10.9,5
3813,0.99166,11.4,5
3814,0.99677,10.3,5
3815,0.99172,12.9,7
3816,0.9953,9.9,5
3817,0.99186,11.3,6
3818,0.99188,11.5,6
3819,0.99188,11.5,6
3820,0.99158,10.7,5
3821,0.99522,10.4,6
3822,0.99176,12.5,6
3823,0.99558,9.5,5
3824,0.9911,11.3,7
3825,0.99016,13.0,6
3826,0.99188,11.5,6
3827,0.98956,11.5,5
3828,0.99186,11.3,6
3830,0.99274,11.5,7
3831,0.993,9.6,5
3832,0.993,9.6,5
3833,0.9978,9.7,6
3834,0.9946,9.2,5
3835,0.99429,8.4,5
3836,0.99002,12.4,6
3837,0.99002,12.4,6
3838,0.9946,9.2,5
3839,0.99429,8.4,5
3840,0.9909,11.7,6
3841,0.99294,11.0,6
3842,0.99044,11.9,6
3843,0.98958,13.2,7
3844,0.9909,11.7,6
3845,0.9986,9.1,5
3846,0.99262,12.6,6
3847,0.9986,9.1,5
3848,0.99212,10.5,6
3849,0.99628,10.6,5
3850,0.99262,12.6,6
3851,0.98913,13.7,7
3852,0.99021,12.0,6
3853,0.99198,12.5,7
3854,0.99226,12.1,6
3855,0.99159,11.3,6
3856,0.99021,12.0,6
3857,0.99224,10.3,6
3858,0.99068,12.7,6
3859,0.99587,9.2,5
3860,0.99587,9.2,5
3861,0.99728,9.5,6
3862,0.99364,10.1,6
3863,0.99364,10.1,6
3864,0.99018,13.0,7
3865,0.98968,13.1,6
3866,0.99178,11.0,6
3867,0.99587,9.2,5
3868,0.9961,9.4,6
3869,0.99728,9.5,6
3870,0.99534,10.2,6
3871,0.99364,10.1,6
3873,0.99776,9.0,5
3874,0.99545,9.6,5
3875,0.99299,9.9,7
3876,0.99665,10.5,5
3877,0.99069,11.4,5
3878,0.99692,9.4,5
3879,0.99324,11.1,4
3880,0.99896,8.9,6
3881,0.99896,8.9,6
3882,0.99226,10.8,5
3883,0.99226,12.2,6
3884,0.99896,8.9,6
3885,0.99076,12.5,6
3886,0.99226,12.2,6
3887,0.99076,12.5,6
3888,0.99896,8.9,6
3889,0.9951,10.8,6
3890,0.99234,11.4,6
3891,0.99226,10.8,5
3892,0.99368,10.6,5
3893,0.9937,9.2,5
3894,0.99151,12.2,6
3895,0.99021,12.3,6
3896,0.99479,10.4,6
3897,0.9954,10.4,6
3898,0.99176,11.0,7
3899,0.99368,10.6,5
3900,0.9937,9.2,5
3902,0.9908,11.4,6
3903,0.98994,11.5,6
3904,0.98746,14.0,7
3905,0.99028,12.5,7
3906,0.99028,12.5,7
3907,0.98867,12.8,7
3908,0.99174,11.2,7
3909,0.99174,11.2,7
3910,0.99021,13.6,6
3911,0.99304,9.2,6
3912,0.99028,12.5,7
3913,0.99154,11.1,6
3914,0.99174,11.2,7
3915,0.98746,14.0,7
3916,0.99021,13.6,6
3917,0.9956,9.4,5
3919,0.98836,13.2,6
3920,0.99138,11.2,6
3921,0.99751,10.2,5
3922,0.98867,12.8,7
3923,0.99249,10.1,5
3924,0.99249,10.1,5
3925,0.99239,10.3,5
3926,0.99512,9.9,6
3927,0.99098,11.5,5
3928,0.99872,9.0,5
3929,0.99872,9.0,5
3930,0.98894,12.1,6
3931,0.988245,13.3,6
3932,0.99326,11.5,8
3933,0.99328,11.0,4
3934,0.99222,10.7,6
3935,0.99898,9.4,5
3936,0.99486,10.3,6
3937,0.99528,9.3,5
3938,0.99062,12.0,6
3939,0.99282,11.0,6
3940,0.996,9.3,5
3942,0.99166,11.1,6
3943,0.99408,9.9,6
3944,0.99281,11.0,6
3945,0.99282,11.0,6
3946,0.98964,12.5,6
3947,0.98952,12.7,7
3948,0.99469,9.3,5
3949,0.996,9.3,5
3951,0.9991,8.8,5
3952,0.99047,11.2,6
3953,0.99178,10.8,7
3954,0.9991,8.8,5
3955,0.99047,11.2,6
3956,0.99207,10.3,5
3957,0.99152,12.0,5
3958,0.99438,9.5,6
3959,0.99438,9.5,6
3960,0.99622,9.8,6
3961,0.99773,9.0,5
3962,0.99088,13.0,7
3963,0.99108,11.8,7
3964,0.99803,8.8,5
3965,0.99304,11.2,4
3966,0.99438,9.5,6
3967,0.99548,9.4,4
3968,0.99551,9.5,6
3969,0.99152,10.4,6
3970,0.99572,9.8,7
3971,0.99152,10.4,6
3972,0.99244,10.3,6
3973,0.99548,9.4,4
3974,0.99551,9.5,6
3975,0.9903,11.9,7
3976,0.99162,12.8,7
3977,0.99116,13.0,6
3978,0.9922,10.4,7
3979,0.99223,10.4,6
3980,0.99481,10.7,5
3981,0.9928,10.7,7
3982,0.9903,11.9,7
3983,0.99429,10.4,6
3984,0.99162,12.8,7
3985,0.99454,9.9,6
3986,0.99454,9.9,6
3987,0.99863,9.4,6
3988,0.991,11.4,6
3989,0.99454,9.9,6
3990,0.99863,9.4,6
3991,0.99317,9.2,5
3992,0.99173,10.5,7
3993,0.99455,11.0,7
3994,0.99455,11.0,7
3995,0.99186,12.1,5
3996,0.99455,11.0,7
3997,0.98944,12.8,7
3998,0.9942,10.5,6
3999,0.9942,10.5,6
4000,0.9942,10.5,6
4001,0.99238,9.5,5
4002,0.99782,9.2,6
4003,0.99111,11.1,6
4004,0.99067,12.3,7
4005,0.99111,11.1,6
4006,0.98878,12.6,6
4007,0.99238,9.5,5
4008,0.99782,9.2,6
4009,0.9938,10.8,6
4010,0.99143,11.3,6
4011,0.98944,12.8,7
4012,0.9942,10.5,6
4013,0.99588,9.8,6
4014,1.00038,8.5,6
4015,0.99424,9.3,5
4016,0.99626,9.2,5
4017,0.99076,11.4,6
4018,1.00038,8.5,6
4019,0.99424,9.3,5
4021,0.99318,9.2,5
4022,0.99626,9.2,5
4023,0.99726,10.4,6
4024,0.99126,11.6,6
4025,0.98998,12.4,6
4026,0.99726,10.4,6
4027,0.99304,9.3,5
4028,0.9892,12.2,6
4029,0.99296,11.0,6
4030,0.99047,11.4,5
4031,0.9924,9.5,5
4032,0.9989,9.2,5
4033,0.99338,11.1,6
4034,0.9989,9.2,5
4035,0.99404,11.0,6
4036,0.99287,9.9,5
4037,0.99286,9.9,5
4038,0.9924,9.5,5
4039,0.99058,12.4,4
4040,0.9934,9.4,5
4041,0.99545,9.3,5
4042,0.9984,8.7,7
4043,0.9984,8.7,7
4044,0.9984,8.7,7
4045,0.9984,8.7,7
4046,0.99971,9.0,7
4047,0.99546,10.7,6
4048,0.99546,10.7,6
4049,0.99058,11.3,6
4050,0.9984,8.7,7
4051,0.99314,11.7,6
4052,0.99545,9.3,5
4053,0.9984,8.7,7
4054,0.99971,9.0,7
4055,0.99314,11.7,6
4056,0.99565,10.7,5
4057,0.99056,11.4,6
4058,0.99546,10.7,6
4059,0.99058,11.3,6
4060,0.99362,10.0,5
4061,0.99362,10.0,5
4062,0.99196,11.2,6
4063,0.99255,9.7,5
4064,0.99027,12.5,5
4065,0.99302,12.9,8
4066,0.99257,11.8,6
4067,0.99506,10.6,5
4068,0.99257,11.8,6
4069,0.9952,10.7,6
4070,0.99498,9.9,5
4071,0.9903,12.0,6
4072,0.99706,10.4,7
4073,0.99398,8.5,5
4074,0.99588,9.9,4
4075,0.99691,9.4,6
4076,0.99608,10.4,5
4077,0.99142,11.0,6
4078,0.99138,11.0,6
4079,0.99432,10.4,6
4080,0.99592,9.8,6
4081,0.99691,9.4,6
4082,0.99432,10.6,6
4083,0.99266,10.1,5
4084,0.99456,11.5,8
4085,0.9915,11.4,6
4086,0.99322,9.2,6
4087,0.9927,9.7,6
4088,0.99173,11.3,6
4089,0.99412,9.6,6
4090,0.99666,8.9,6
4091,0.99425,10.0,6
4092,0.99314,9.2,6
4093,0.99672,9.0,6
4094,0.99024,12.8,7
4095,0.99672,9.0,6
4096,0.99366,9.5,5
4097,0.99425,10.0,6
4098,0.99299,11.0,5
4099,0.99314,9.2,6
4100,0.99528,10.6,6
4101,0.99568,10.0,5
4102,0.99568,10.0,5
4103,0.99062,11.7,7
4104,0.99058,12.5,7
4105,0.99059,11.1,7
4108,0.99021,12.2,6
4109,0.99238,11.3,6
4110,0.99164,11.6,5
4111,0.99006,11.3,6
4112,0.99078,11.1,6
4113,0.99036,11.2,6
4114,0.99123,11.3,6
4115,0.98978,12.0,6
4116,0.99908,8.8,6
4117,0.99908,8.8,6
4118,0.99022,12.0,8
4119,0.99024,12.0,7
4120,0.9973,9.0,5
4121,0.99853,9.3,6
4122,0.99769,8.7,6
4123,0.98954,12.8,6
4124,0.98974,11.5,7
4125,0.99382,10.0,5
4126,0.99383,10.0,5
4127,0.99538,10.3,5
4128,0.99734,10.4,5
4129,0.98981,13.4,7
4130,0.99095,11.2,6
4131,0.9964,9.1,5
4132,0.9964,9.1,5
4133,0.99411,10.8,6
4134,0.9915,12.5,6
4135,0.99234,11.3,5
4136,0.99016,12.8,6
4137,0.9964,9.1,5
4138,0.98949,12.7,6
4139,0.99287,11.0,7
4140,0.99544,10.4,6
4141,0.99544,10.4,6
4142,0.9941,10.7,6
4143,0.994,10.9,6
4144,0.99544,10.4,6
4145,0.99546,10.4,6
4146,0.99737,9.7,7
4147,0.99287,11.0,7
4148,0.99767,9.6,6
4150,0.99714,9.4,5
4151,0.99134,12.5,6
4152,0.99767,9.6,6
4153,0.9927,9.5,5
4154,0.9948,9.6,5
4155,0.9927,9.5,5
4156,0.99481,9.6,5
4157,0.99825,8.7,7
4158,0.99825,8.7,7
4159,0.99825,8.7,7
4160,0.99825,8.7,7
4161,0.99825,8.7,7
4162,0.99825,8.7,7
4163,0.99192,10.4,5
4164,0.99184,10.7,5
4165,0.99019,12.0,7
4166,0.98998,12.1,7
4167,0.98886,13.1,8
4168,0.98998,12.4,6
4169,0.98949,12.6,7
4170,0.99825,8.7,7
4171,0.99009,12.0,5
4172,0.99252,11.6,6
4173,0.99288,9.3,5
4174,0.99659,9.3,6
4175,0.99133,11.1,7
4176,0.99324,10.2,6
4177,0.99164,10.6,6
4178,0.99107,11.3,7
4179,0.9986,9.4,5
4180,0.99708,9.3,6
4181,0.99163,11.1,6
4182,0.99605,9.9,6
4183,0.99065,11.8,7
4184,0.9903,12.6,7
4185,0.9986,9.4,5
4186,0.99236,10.5,5
4187,0.98948,12.3,6
4188,0.99045,11.3,6
4189,0.9939,9.6,5
4190,0.98985,12.0,6
4191,0.99138,11.2,5
4192,0.99348,10.2,6
4193,0.99066,12.4,6
4194,0.99348,10.2,6
4195,0.98862,13.4,8
4196,0.98865,12.6,6
4197,0.99472,9.8,5
4199,0.99066,12.4,6
4200,0.99035,12.5,6
4201,0.99086,11.7,6
4202,0.99013,12.9,6
4203,0.99266,10.1,5
4204,0.99517,10.3,6
4205,0.99086,11.7,6
4206,0.99666,10.3,6
4207,0.991,10.8,7
4208,0.99068,11.2,6
4209,0.99084,11.8,6
4210,0.9939,9.8,6
4211,0.99624,10.0,6
4212,0.99602,8.8,4
4213,0.9926,10.1,4
4214,0.99718,9.5,5
4215,0.99718,9.5,5
4216,0.99718,9.5,5
4217,0.99344,9.2,4
4218,0.99184,12.2,6
4219,0.99718,9.5,5
4220,0.99033,11.3,6
4221,0.99248,12.1,6
4222,0.99344,9.2,4
4223,0.99076,11.2,4
4224,0.99092,12.5,7
4225,0.99486,10.6,5
4226,0.99464,10.4,7
4227,0.99235,10.1,7
4228,0.99612,9.9,6
4229,0.99202,11.0,6
4230,0.99261,10.0,6
4231,0.98964,12.7,6
4232,0.99206,12.1,6
4233,0.9938,10.4,6
4234,0.99204,10.4,6
4235,0.99736,9.2,5
4236,0.99736,9.2,5
4237,0.99192,10.5,5
4238,0.99736,9.2,5
4239,0.99002,11.9,7
4240,0.996,10.1,6
4241,0.99237,11.1,6
4242,0.99214,10.8,7
4243,0.99041,11.8,6
4244,0.9982,9.2,5
4245,0.99822,9.2,5
4246,0.9893,12.3,6
4247,0.99274,10.1,6
4248,0.99105,11.4,6
4249,0.99209,10.4,6
4250,0.99676,9.8,6
4251,0.99251,9.9,6
4252,0.99676,9.8,6
4253,0.99082,11.2,4
4254,0.99567,10.9,5
4255,0.99416,9.2,5
4256,0.99416,9.2,5
4259,0.99248,12.4,6
4260,0.99184,11.2,6
4261,0.98952,12.7,7
4262,0.99267,12.2,6
4263,0.99269,12.2,6
4264,0.98912,12.2,6
4265,0.99184,11.2,6
4266,0.98952,12.7,7
4267,0.9895,12.7,7
4268,0.98999,12.1,6
4269,0.9981,9.4,5
4270,0.995,10.1,6
4271,0.99848,9.4,5
4272,0.99862,8.9,6
4273,0.99862,8.9,6
4274,0.99862,8.9,6
4275,0.99862,8.9,6
4276,0.98886,13.0,7
4277,0.99474,10.3,5
4279,0.99691,10.5,6
4280,0.99862,8.9,6
4281,0.99773,10.1,5
4282,0.99773,10.1,5
4283,0.9928,11.0,6
4284,0.9928,11.0,6
4285,0.9928,11.0,6
4286,0.9928,11.0,6
4287,0.99288,10.0,5
4288,0.99202,10.5,6
4289,0.99606,9.7,6
4290,0.99773,10.1,5
4291,0.99922,9.4,5
4292,0.99296,11.2,6
4293,0.99922,9.4,5
4294,0.99468,10.8,5
4295,0.99922,9.4,5
4296,0.99296,11.2,6
4297,0.99388,11.0,6
4298,0.99315,12.4,6
4299,0.99478,9.4,6
4300,0.99478,9.4,5
4301,0.99692,9.5,5
4302,0.99616,10.0,6
4303,0.9902,12.5,6
4304,0.9921,10.9,6
4305,0.99462,10.5,6
4306,0.99476,10.8,6
4307,0.99178,11.0,7
4308,0.99081,11.8,6
4309,0.99198,12.6,6
4310,0.99545,10.2,6
4311,0.98997,12.0,5
4312,0.9902,12.5,6
4313,0.99089,11.5,6
4314,0.99172,11.94,7
4315,0.9901,12.8933333333333,7
4316,0.99681,9.4,5
4317,0.9893,12.2,7
4318,0.99172,11.94,7
4319,0.9901,12.8933333333333,7
4320,0.99527,9.5,5
4321,0.99445,10.6,6
4322,0.99198,10.5,7
4323,0.99085,11.4666666666667,6
4324,0.99033,11.4,6
4325,0.99538,9.5,5
4326,0.99627,9.2,5
4327,0.99538,9.5,5
4328,0.99433,10.98,5
4329,0.9954,9.4,5
4330,0.99538,9.5,5
4331,0.99627,9.2,5
4332,0.99807,8.8,8
4333,0.99807,8.8,8
4334,0.99807,8.8,8
4335,0.99807,8.8,8
4336,0.99807,8.8,8
4337,0.99807,8.8,8
4338,0.99807,8.8,8
4339,0.99232,10.4,8
4340,0.99807,8.8,8
4341,0.99788,10.0333333333333,6
4342,0.99108,11.3,6
4343,0.99234,10.4,6
4344,0.99288,9.2,6
4345,0.99195,11.1,6
4346,0.99288,9.2,6
4347,0.99121,11.3,7
4348,0.99839,9.1,6
4349,0.99738,9.4,5
4350,0.98963,13.2,6
4351,0.98946,12.7,6
4352,0.99178,10.7,5
4353,0.99136,11.4333333333333,6
4354,0.99323,11.1,6
4355,0.98946,12.7,6
4356,0.99313,10.5333333333333,5
4357,0.9912,11.6,6
4358,0.99504,9.53333333333333,5
4359,0.99461,9.8,6
4360,0.99178,10.7,5
4361,0.99008,12.0,6
4362,0.98959,12.8,6
4363,0.99663,9.5,5
4364,0.99334,10.9333333333333,6
4365,0.99561,9.1,5
4366,0.98959,12.6,6
4367,0.99663,9.5,5
4368,0.99418,10.9,6
4369,0.99334,10.9333333333333,6
4370,0.9937,9.6,5
4371,0.99372,9.3,5
4372,0.99157,11.3666666666667,6
4373,0.98918,12.5,6
4374,0.9932,9.5,5
4375,0.99235,11.0,6
4376,0.99373,9.4,5
4377,0.9914,11.3333333333333,6
4378,0.99494,8.8,5
4379,0.99373,9.4,5
4380,0.99332,11.0666666666667,6
4381,0.99198,12.2,6
4382,0.99142,11.0,6
4383,0.9914,11.3333333333333,6
4384,0.99542,9.5,5
4385,0.99542,9.5,5
4386,0.9924,11.0,6
4387,0.99112,11.2,6
4388,0.99534,9.3,6
4389,0.99338,10.8,4
4390,0.99804,9.2,5
4391,0.99899,9.4,5
4392,0.99804,9.2,5
4393,0.99724,10.5,6
4394,0.99526,10.8,6
4395,0.99676,9.4,5
4396,0.99699,9.8,5
4397,0.99699,9.8,5
4398,0.99699,9.8,5
4399,0.99676,9.4,5
4400,0.99699,9.8,5
4401,0.99461,12.1,6
4402,0.99116,12.3,6
4403,0.99362,9.73333333333333,5
4404,0.99512,9.4,5
4405,0.99512,9.4,5
4406,0.9895,12.8,7
4407,0.99043,11.05,6
4408,0.99512,9.4,5
4409,0.9895,12.8,7
4410,0.99391,9.73333333333333,5
4411,0.98963,13.1,7
4412,0.99335,11.5,7
4413,0.98963,13.1,7
4414,0.99335,11.5,7
4415,0.99824,9.1,5
4416,0.99391,9.75,5
4417,0.9917,10.5,6
4418,0.99906,8.8,6
4419,0.99906,8.8,6
4420,0.99906,8.8,6
4421,0.99906,8.8,6
4422,0.9917,10.5,6
4423,0.9917,10.5,6
4424,0.99906,8.8,6
4425,0.99415,9.9,6
4426,0.99418,9.9,6
4427,0.99611,9.9,5
4428,0.99124,12.2,6
4429,0.99179,10.8,6
4430,0.99886,8.7,5
4431,0.98924,13.2,6
4432,0.99045,12.7,6
4433,0.9969,9.4,5
4434,0.99196,11.2,6
4435,0.99339,11.3333333333333,6
4436,0.99224,11.9,6
4437,0.99339,11.35,6
4438,0.99184,10.5,5
4439,0.99428,9.8,5
4440,0.99834,9.1,5
4441,0.98918,12.4,6
4442,0.99834,9.1,5
4443,0.99428,9.8,5
4444,0.99241,11.3,6
4445,0.99241,11.3,6
4446,0.98816,13.1,6
4447,0.98916,12.5,6
4448,0.99329,10.3,5
4449,0.99535,10.7,6
4450,0.99552,10.4,6
4451,0.99514,9.5,5
4452,0.99304,9.8,5
4453,0.98916,12.5,6
4454,0.9984,9.4,6
4455,0.99911,9.0,5
4456,0.99911,9.0,5
4457,0.99911,9.0,5
4458,0.98952,13.0,7
4459,0.99403,9.9,5
4460,0.9984,9.4,6
4461,0.99312,10.6,6
4462,0.98968,13.4,6
4463,0.98946,12.5,6
4464,0.9981,9.3,5
4465,0.9981,9.3,5
4466,0.99306,11.0,5
4467,0.99378,10.3,5
4468,0.99036,11.3,6
4469,0.99094,10.9,6
4470,0.9908,11.3,6
4471,0.9899,12.1,6
4472,0.99173,11.1,5
4473,0.99356,9.8,5
4474,0.99571,10.1,6
4475,0.98945,12.4,6
4476,0.98865,12.7,6
4477,0.99514,9.6,5
4478,0.99514,9.6,5
4479,0.9943,9.1,5
4481,0.99514,9.6,5
4482,0.98987,12.4,6
4483,0.99288,9.55,4
4484,0.9943,9.1,5
4485,0.99064,12.5,6
4486,0.99394,9.9,6
4487,0.99175,11.2,6
4488,0.98926,13.0,6
4489,0.98926,13.0,6
4490,0.99057,11.7,6
4491,0.98898,13.1,6
4492,0.9932,12.0,6
4493,0.9972,10.55,6
4494,0.9902,11.45,6
4495,0.9988,10.2,6
4496,0.9902,11.45,6
4497,0.9958,9.3,5
4498,0.9935,10.8,5
4499,0.9925,12.2,6
4500,0.992,11.0,6
4501,0.9986,10.4,6
4502,0.9914,11.4,6
4504,0.9943,10.7,5
4505,0.994,10.2,5
4506,0.9904,11.2,6
4507,0.99,12.3333333333333,5
4508,0.9902,11.5,4
4509,0.9925,9.5,5
4510,0.9886,13.4,6
4511,0.9898,12.5,6
4512,0.9898,12.5,6
4513,0.9904,11.2,6
4514,0.9964,8.8,5
4515,0.9908,11.2,6
4516,0.9899,12.7,6
4517,0.993,9.8,6
4518,0.9944,9.8,6
4519,0.9956,11.7,6
4520,0.9949,9.8,5
4521,0.9929,9.6,5
4522,0.9944,9.8,6
4523,0.9975,9.7,5
4524,0.995,10.0,6
4525,0.9956,11.7,6
4526,0.9946,12.3,6
4527,0.993,9.8,6
4528,0.9934,9.0,6
4529,0.9984,9.1,6
4530,0.9984,9.1,6
4531,0.9984,9.1,6
4532,0.9908,11.4,6
4533,0.9963,10.5,5
4534,0.98914,12.4,6
4535,0.9984,9.1,6
4536,0.9984,9.1,6
4537,0.9937,10.1,5
4538,0.993,10.9,6
4539,0.9956,11.05,5
4540,0.98963,12.75,6
4541,0.98961,12.7,6
4542,0.9948,11.1,5
4543,0.9948,11.1,5
4544,0.98963,12.75,6
4545,0.989315,13.0,6
4546,0.989435,12.0,6
4547,0.9899,11.5,6
4549,0.9948,11.1,5
4550,0.9914,11.1,6
4551,0.9915,11.1,6
4553,0.98963,12.75,6
4554,0.98961,12.7,6
4555,0.997,9.6,5
4556,0.9914,11.7,5
4557,0.997,9.7,6
4558,0.9944,10.9,6
4559,0.9958,10.7,7
4560,0.98889,13.8,6
4561,0.989465,12.15,6
4562,0.9954,10.8,7
4563,0.9947,10.7,7
4564,0.9912,10.8,7
4565,0.9965,10.8,5
4566,0.9948,12.0,5
4567,0.9965,10.8,5
4568,0.9925,12.2,6
4569,0.9936,9.4,6
4570,0.9898,11.4,6
4571,0.98948,12.5,7
4572,0.98823,13.05,7
4573,0.9896,12.4,6
4574,0.9908,12.9,7
4575,0.9906,12.0,7
4576,0.9904,11.3,5
4577,0.99754,10.0,6
4578,0.9898,11.8,7
4579,0.998365,9.4,6
4580,0.99837,8.8,6
4581,0.99125,11.1,6
4582,0.9943,10.5,6
4583,0.99488,9.3,6
4584,0.99034,11.4,6
4585,0.99322,11.8,6
4586,0.98895,12.4,6
4587,0.99457,11.6,6
4588,0.99304,11.1,5
4589,0.98895,12.4,6
4590,0.99331,11.1,6
4591,0.99435,11.0,6
4592,0.99122,12.2,6
4593,0.99544,11.0,6
4594,0.989,12.9,6
4595,0.99414,10.9,6
4596,0.99014,13.4,6
4597,0.99551,10.7,6
4598,0.99544,11.0,6
4599,0.9908,11.4,7
4600,0.9927,10.2,6
4601,0.99244,11.0,6
4602,0.99752,9.1,6
4603,0.99114,11.0,6
4604,0.99326,11.5,6
4605,0.9906,12.0,6
4606,0.993,11.2,5
4607,0.99479,11.2,6
4608,0.98942,12.6,7
4609,0.99036,11.0,4
4610,0.99201,10.8,6
4611,0.99184,10.9,5
4612,0.99441,9.8,5
4613,0.99442,9.8,5
4614,0.99474,9.5,5
4615,0.9916,11.2666666666667,7
4616,0.99198,10.8,5
4617,0.98949,13.4,7
4618,0.9916,11.3,7
4619,0.99556,8.9,5
4620,0.99151,11.2,6
4621,0.99158,11.5,7
4622,0.9902,13.0,7
4623,0.99204,12.6,6
4624,0.98988,13.1,6
4625,0.99344,11.2,5
4626,0.99394,11.7,6
4627,0.99153,10.9,6
4628,0.99153,10.9,6
4629,0.98981,11.6,7
4630,0.99524,10.4,7
4631,0.99221,10.9,7
4632,0.99394,11.7,6
4633,0.99318,10.8,6
4634,0.99366,11.2,6
4635,0.99494,10.0,6
4636,0.99212,10.5666666666667,5
4637,0.99018,11.7333333333333,6
4638,0.99212,10.6,5
4639,0.99596,10.5,6
4640,0.99018,11.75,6
4641,0.99094,11.4,6
4642,0.98968,12.4,7
4643,0.99392,10.1,6
4644,0.99024,12.3,6
4645,0.98774,13.1,7
4646,0.99094,10.65,7
4647,0.99044,11.4,7
4648,0.9938,9.3,5
4649,0.99432,10.2,5
4650,0.99432,10.2,5
4651,0.98966,13.1,7
4652,0.99309,9.6,5
4653,0.98868,12.8,7
4654,0.9937,10.9666666666667,7
4655,0.9937,10.9666666666667,7
4656,0.9937,10.9666666666667,7
4657,0.9937,11.0,7
4658,0.98975,13.4,6
4660,0.99063,12.4,6
4661,0.99168,11.2,5
4662,0.99272,12.4,6
4663,0.99362,10.1333333333333,7
4664,0.99365,10.1333333333333,7
4665,0.99272,12.4,6
4666,0.99642,9.1,5
4667,0.99365,10.15,7
4668,0.99362,10.15,7
4669,0.99134,11.5,5
4670,0.99732,8.9,6
4671,0.99212,10.4666666666667,5
4672,0.99212,10.4666666666667,5
4673,0.99161,11.8,7
4674,0.9912,11.6333333333333,7
4675,0.99332,10.6,6
4676,0.99636,9.6,6
4677,0.99161,11.8,7
4678,0.99732,8.9,6
4679,0.99212,10.5,5
4680,0.99271,10.2,4
4681,0.98845,13.1,6
4682,0.9899,11.8,6
4683,0.99004,12.2,6
4684,0.99097,11.45,6
4685,0.9966,10.5,5
4686,0.99271,10.2,4
4687,0.99666,9.0,6
4688,0.99666,9.0,6
4689,0.99666,9.0,6
4690,0.99666,9.0,6
4691,0.99954,9.1,7
4692,0.99414,8.8,5
4693,0.99666,9.0,6
4694,0.99954,9.1,7
4695,0.99188,12.9,7
4696,0.98926,13.0,6
4697,0.99188,12.9,7
4698,0.99334,9.2,6
4699,0.99659,9.8,5
4700,0.99659,9.8,5
4701,0.9948,10.1,6
4702,0.9948,10.1,6
4703,0.99074,10.9,7
4704,0.9955,9.6,6
4705,0.99474,10.4,6
4706,0.98966,11.8,7
4707,0.99564,10.8,6
4708,0.99246,10.6,6
4709,0.98984,12.7,6
4710,0.99031,12.2,7
4711,0.99564,10.8,6
4712,0.99474,10.4,6
4713,0.99216,11.1,6
4714,0.98966,11.8,7
4715,0.99512,10.0,6
4716,0.9909,10.8,6
4718,0.99378,9.9,6
4719,0.99512,10.0,6
4720,0.99044,12.25,5
4721,0.99521,10.2,6
4722,0.99489,9.4,6
4723,0.99495,9.7,6
4724,0.99521,10.2,6
4725,0.9954,10.4,6
4726,0.99121,12.2,6
4727,0.99489,9.4,6
4728,0.99478,10.6,6
4729,0.99346,10.7,5
4730,0.99331,11.85,5
4731,0.99321,11.7,6
4732,0.99321,11.7,6
4733,0.99218,10.15,6
4734,0.9898,11.6333333333333,6
4735,0.99144,10.8,6
4736,0.99143,10.8,6
4737,0.99234,12.3,7
4738,0.98972,12.5,6
4739,0.9898,11.65,6
4740,0.99308,9.6,5
4741,0.99218,10.9,6
4742,0.99215,10.8,6
4743,0.99185,11.2,5
4744,0.99438,10.0,5
4745,0.99314,10.5,3
4746,0.99542,9.1,6
4747,0.99428,10.5,6
4748,0.99943,9.3,5
4749,0.99946,9.3,6
4750,0.99185,11.2,5
4751,0.99472,10.6,6
4752,0.9891,12.1,7
4753,0.99076,12.0,6
4754,0.99632,9.7,6
4755,0.99,12.4,6
4756,0.98872,13.6,7
4757,0.98872,13.6,7
4758,0.99102,11.8,6
4759,0.99388,10.0,6
4760,0.99388,10.0,6
4761,0.99602,9.1,6
4762,0.99057,11.9,7
4763,0.99072,11.75,7
4764,0.99224,11.4,6
4765,0.98942,13.0,8
4766,0.99171,12.4,8
4767,0.99352,9.4,7
4768,0.99705,9.6,6
4769,0.99705,9.6,6
4770,0.99705,9.6,6
4771,0.99705,9.6,6
4772,0.99654,9.1,5
4773,0.98953,12.0,7
4774,0.99132,11.2,4
4775,0.99204,10.1,6
4776,0.99185,10.3,6
4777,0.98952,12.3,6
4778,0.99704,10.55,6
4779,0.99032,10.9,4
4780,0.99382,9.7,5
4781,0.99382,9.8,5
4782,0.9974,8.9,6
4783,0.9974,8.9,6
4784,0.99546,10.2,5
4785,0.99088,11.7,7
4786,0.98904,12.8,8
4787,0.989,12.8,8
4788,0.99546,10.2,5
4789,0.98758,13.55,6
4790,0.9901,11.6,6
4791,0.9974,8.9,6
4792,0.98981,13.8,6
4793,0.9952,9.4,6
4794,0.99519,9.4,5
4795,0.99142,10.7,7
4796,0.99142,10.7,7
4797,0.9897,12.3,6
4798,0.99684,10.3,5
4799,0.99445,10.4,6
4800,0.99051,11.6,7
4801,0.99142,10.7,7
4802,0.98986,12.8,8
4803,0.99189,11.9,7
4804,0.98934,12.1,4
4805,0.99449,9.2,6
4806,0.99566,9.5,6
4807,0.99252,11.0,6
4808,0.9959,10.9,5
4809,0.9924,10.4,6
4810,0.99482,9.1,5
4811,0.99103,11.4,6
4812,0.98946,11.4,7
4813,0.99212,9.7,5
4814,0.99052,12.4,6
4815,0.99026,13.7,7
4816,0.99516,10.6,6
4817,0.99128,11.2,6
4818,0.9891,13.1333333333333,6
4819,0.99052,12.4,6
4820,0.99212,9.7,5
4821,0.99176,11.0,6
4822,0.99162,11.3,6
4823,0.99193,12.0,7
4824,0.9967,9.2,5
4825,0.99462,10.7,6
4826,0.99462,10.7,6
4827,0.99058,11.4,6
4828,0.9967,9.2,5
4829,0.99258,12.1,7
4830,0.99138,11.1,6
4831,0.99271,9.7,6
4832,0.9917,10.7,5
4833,0.99126,10.9,6
4834,0.98986,12.0,7
4835,0.99154,10.6,6
4836,0.99642,9.6,5
4838,0.99313,11.0,6
4839,0.99125,11.6,4
4840,0.99318,11.95,7
4841,0.99099,11.1,6
4842,0.99004,11.5,6
4843,0.99093,11.3,5
4844,0.98924,11.9,6
4845,0.99336,9.5,5
4846,0.98944,12.2,6
4847,0.99022,12.2,7
4848,0.99146,11.1,6
4849,0.99488,9.6,5
4850,0.99146,11.1,6
4851,0.99488,9.6,5
4852,0.99176,11.4,5
4853,0.99001,11.4,5
4854,0.99005,12.0666666666667,6
4855,0.99755,9.0,6
4856,0.99755,9.0,6
4857,0.99444,11.4,6
4858,0.99502,9.6,5
4859,0.99222,11.0,6
4860,0.99224,11.0,6
4861,0.99067,11.2,6
4862,0.99069,11.55,6
4863,0.98936,13.3,7
4864,0.99266,9.63333333333333,5
4865,0.98822,13.6,6
4866,0.99138,11.2,6
4867,0.98854,13.0,6
4868,0.99324,10.8,6
4869,0.99626,9.8,6
4870,0.99188,11.45,7
4871,0.9897,12.05,6
4872,0.99622,9.7,5
4873,0.99044,11.9,6
4874,0.99282,10.0,6
4875,0.99245,9.7,6
4876,0.99132,11.6,7
4877,0.99286,8.8,5
4878,0.99234,9.5,4
4879,0.99494,9.53333333333333,6
4880,0.99494,9.53333333333333,6
4881,0.9954,9.4,6
4882,0.99184,10.7,5
4883,0.98964,11.5,6
4884,0.99492,9.6,5
4885,0.99494,9.55,6
4886,0.99168,12.15,7
4887,0.98928,13.0,7
4888,0.9933,9.2,5
4889,0.9954,9.4,6
4890,0.98938,11.8,6
4891,0.99074,10.6,6
4892,0.99298,9.7,5
4893,0.99114,11.2,6
4894,0.9949,9.6,5
4895,0.99254,9.4,6
4896,0.98869,12.8,7
4897,0.98941,11.8,6
