,volatile acidity,citric acid,sulphates,alcohol,quality
0,0.7,0.0,0.56,9.4,5
1,0.88,0.0,0.68,9.8,5
2,0.76,0.04,0.65,9.8,5
3,0.28,0.56,0.58,9.8,6
4,0.7,0.0,0.56,9.4,5
5,0.66,0.0,0.56,9.4,5
6,0.6,0.06,0.46,9.4,5
7,0.65,0.0,0.47,10.0,7
8,0.58,0.02,0.57,9.5,7
9,0.5,0.36,0.8,10.5,5
10,0.58,0.08,0.54,9.2,5
11,0.5,0.36,0.8,10.5,5
12,0.615,0.0,0.52,9.9,5
14,0.62,0.18,0.88,9.2,5
16,0.28,0.56,0.75,10.5,7
18,0.59,0.08,0.5,9.0,4
20,0.22,0.48,0.53,9.4,6
21,0.39,0.31,0.65,9.7,5
22,0.43,0.21,0.91,9.5,5
23,0.49,0.11,0.53,9.4,5
24,0.4,0.14,0.63,9.7,6
25,0.39,0.16,0.56,9.3,5
26,0.41,0.24,0.59,9.5,5
27,0.43,0.21,0.91,9.5,5
28,0.71,0.0,0.55,9.4,5
29,0.645,0.0,0.59,9.8,6
30,0.675,0.07,0.54,10.1,5
31,0.685,0.0,0.57,10.6,6
32,0.655,0.12,0.66,9.8,5
33,0.605,0.12,0.52,9.4,6
34,0.32,0.25,0.55,9.2,5
35,0.645,0.0,0.55,9.6,6
36,0.6,0.14,0.6,10.8,6
37,0.38,0.28,0.73,9.7,7
39,0.45,0.36,0.83,10.5,5
40,0.45,0.36,0.83,10.5,5
41,0.61,0.3,0.51,9.3,4
42,0.49,0.2,0.9,10.5,6
44,0.67,0.02,0.52,9.5,5
47,0.29,0.52,0.58,9.5,5
48,0.4,0.23,0.56,9.2,5
49,0.31,0.37,0.58,9.2,5
50,0.66,0.26,0.74,9.2,5
51,0.52,0.04,0.63,9.4,6
52,0.5,0.04,0.64,9.4,6
53,0.38,0.36,0.56,9.4,5
54,0.51,0.15,0.63,10.2,6
55,0.62,0.04,0.53,9.5,5
56,0.42,0.57,0.63,9.6,5
57,0.63,0.12,0.77,9.4,5
58,0.59,0.18,0.59,10.0,5
59,0.39,0.31,0.54,9.4,6
60,0.4,0.4,0.64,9.2,5
61,0.69,0.49,0.71,9.3,5
62,0.52,0.16,0.62,9.5,7
63,0.735,0.05,0.57,9.8,5
64,0.725,0.05,0.39,10.9,5
65,0.725,0.05,0.39,10.9,5
66,0.52,0.11,0.58,9.6,5
67,0.705,0.07,0.58,10.7,5
68,0.32,0.57,0.79,10.7,5
70,0.63,0.08,0.54,9.5,6
71,0.67,0.23,0.48,9.5,5
72,0.69,0.22,0.48,9.5,5
73,0.675,0.26,0.53,9.2,4
74,0.32,0.54,0.82,9.6,5
75,0.41,0.64,0.66,10.5,5
76,0.41,0.64,0.66,10.5,5
77,0.785,0.0,0.55,10.7,6
78,0.75,0.12,0.52,10.1,5
80,0.45,0.2,0.56,9.2,5
82,0.5,0.47,0.57,9.1,5
84,0.3,0.48,0.78,10.3,6
85,0.55,0.15,0.59,10.1,5
87,0.49,0.26,0.64,9.6,5
89,0.62,0.08,0.53,9.0,5
90,0.52,0.26,0.54,9.5,5
93,0.49,0.26,0.64,9.6,5
94,1.02,0.04,0.48,10.5,4
95,0.6,0.17,0.6,12.9,6
96,0.775,0.0,0.56,10.7,5
97,0.5,0.25,0.63,9.2,5
98,0.9,0.06,0.56,9.8,5
99,0.545,0.18,0.59,9.0,6
100,0.61,0.3,0.61,10.2,6
101,0.5,0.3,0.56,10.4,6
102,0.545,0.18,0.59,9.0,6
103,0.575,0.22,0.51,9.2,5
104,0.49,0.24,0.48,9.4,5
105,0.575,0.22,0.51,9.2,5
107,0.63,0.31,0.79,9.3,5
108,0.33,0.53,0.8,9.6,6
110,0.56,0.19,0.93,9.5,5
111,0.62,0.09,0.66,9.8,5
112,0.6,0.1,0.66,9.8,5
113,0.31,0.44,0.67,9.7,6
114,0.56,0.19,0.93,9.5,5
115,0.4,0.31,0.63,10.5,6
116,0.54,0.28,0.61,10.0,6
117,0.56,0.12,0.5,9.4,6
118,0.55,0.04,0.6,10.9,6
119,0.69,0.08,0.54,9.2,6
121,0.55,0.04,0.6,10.9,6
122,0.695,0.0,0.52,9.2,5
123,0.71,0.0,0.53,9.5,5
124,0.5,0.17,0.48,9.5,5
125,0.62,0.04,0.7,9.4,5
128,0.59,0.16,0.92,10.5,7
129,0.38,0.15,0.57,9.4,5
130,0.745,0.56,0.66,9.4,5
131,0.5,0.09,0.63,13.0,5
132,0.5,0.09,0.63,13.0,5
133,0.5,0.01,0.58,9.8,6
134,1.04,0.05,0.55,9.9,6
135,0.745,0.11,0.82,9.6,5
136,0.715,0.15,0.77,9.5,5
137,0.415,0.36,0.64,9.2,5
138,0.56,0.19,0.54,9.5,5
139,0.56,0.19,0.54,9.5,5
140,0.745,0.11,0.82,9.6,5
141,0.715,0.15,0.77,9.5,5
143,0.39,0.08,0.58,9.4,5
145,0.67,0.55,0.62,9.4,5
146,0.68,0.02,0.52,10.0,5
147,0.49,0.26,0.8,9.3,5
148,0.49,0.1,0.58,10.2,6
149,0.4,0.44,0.61,10.5,6
150,0.33,0.47,0.53,10.3,6
152,0.6,0.03,0.54,10.1,5
153,0.6,0.03,0.54,10.1,5
154,0.43,0.42,0.72,10.5,5
155,0.43,0.42,0.71,10.5,5
156,0.43,0.42,0.72,10.5,5
157,0.43,0.42,0.71,10.5,5
158,0.68,0.0,0.5,9.3,5
159,0.6,0.18,0.57,9.3,6
160,0.95,0.03,0.56,9.6,5
162,0.53,0.04,0.56,10.0,6
163,0.6,0.26,0.49,9.4,5
164,0.59,0.26,0.49,9.4,5
165,0.63,0.48,0.62,9.5,5
166,0.64,0.1,0.52,10.2,5
167,0.55,0.03,0.48,9.0,4
168,0.63,0.07,0.55,10.4,6
170,0.885,0.03,0.33,9.1,4
171,0.42,0.17,0.61,9.2,6
172,0.42,0.17,0.61,9.2,6
173,0.62,0.05,0.57,11.5,6
174,0.38,0.21,0.47,9.5,5
175,0.5,0.04,0.78,9.5,5
176,0.38,0.21,0.47,9.5,5
177,0.52,0.42,0.61,10.5,6
178,0.805,0.0,0.56,9.6,5
179,0.61,0.14,0.59,9.5,5
180,0.61,0.14,0.59,9.5,5
182,0.73,0.02,0.52,9.3,5
183,0.61,0.2,0.58,9.3,5
184,0.62,0.21,0.58,9.3,6
185,0.31,0.57,0.53,9.7,5
186,0.39,0.48,0.55,9.2,5
187,0.705,0.1,0.49,9.7,5
188,0.5,0.33,0.55,9.5,5
189,0.49,0.32,0.55,9.5,5
190,0.5,0.35,0.62,9.4,5
191,0.37,0.25,0.62,9.8,6
192,0.63,0.12,0.61,9.5,5
193,0.55,0.21,0.55,9.7,5
194,0.55,0.21,0.55,9.7,5
195,0.59,0.33,0.54,9.4,5
196,0.58,0.3,0.59,10.2,5
197,0.3,0.6,0.97,10.1,6
200,0.32,0.47,0.82,10.3,7
202,0.5,0.11,0.79,9.5,5
203,0.42,0.35,0.55,9.2,5
204,0.43,0.36,0.56,9.2,6
205,0.3,0.74,0.77,10.8,7
206,0.3,0.74,0.77,10.8,7
207,0.57,0.31,0.53,9.3,5
208,0.44,0.28,0.67,9.4,5
209,0.3,0.58,0.88,10.5,7
211,0.725,0.24,0.56,10.0,6
212,0.44,0.64,0.67,10.2,6
213,0.57,0.26,0.43,10.1,5
214,0.735,0.08,0.71,9.8,6
215,0.49,0.49,0.76,10.5,5
216,0.625,0.16,0.57,11.0,5
217,0.725,0.22,0.55,9.1,5
218,0.49,0.19,0.54,9.7,5
219,0.53,0.33,0.6,9.5,5
220,0.34,0.37,0.59,9.4,6
221,0.53,0.26,0.57,9.4,5
222,0.61,0.04,0.6,9.5,5
223,0.645,0.25,0.6,10.0,6
224,0.635,0.36,0.57,10.4,4
225,0.43,0.25,0.58,10.5,6
227,0.82,0.14,0.63,9.8,5
228,0.43,0.25,0.58,10.5,6
229,0.52,0.25,0.5,11.0,5
230,0.48,0.04,0.62,12.2,7
231,0.38,0.06,0.52,9.9,6
232,0.37,0.2,0.7,9.6,6
233,0.52,0.25,0.5,11.0,5
234,1.0,0.09,0.55,9.0,6
235,0.63,0.0,0.58,9.0,6
236,0.63,0.0,0.58,9.0,6
237,0.645,0.0,0.58,9.2,6
238,0.63,0.0,0.58,9.0,6
239,1.0,0.09,0.55,9.0,6
241,0.38,0.56,0.71,10.9,6
242,0.58,0.1,0.49,9.8,6
243,0.21,0.44,0.84,9.2,7
244,0.21,0.44,0.84,9.2,7
246,0.68,0.07,0.52,9.5,5
247,0.6,0.17,0.45,9.3,5
248,0.53,0.06,0.48,9.8,6
250,0.32,0.44,0.78,10.0,6
251,0.6,0.0,0.7,9.9,6
252,0.35,0.48,0.53,10.5,5
253,0.775,0.42,0.59,9.5,5
254,0.6,0.0,0.7,9.9,6
255,0.57,0.23,0.57,9.3,5
256,0.34,0.37,0.62,9.2,5
257,0.695,0.0,0.67,9.2,5
259,0.31,0.47,0.8,10.5,7
260,0.33,0.23,0.65,9.3,5
261,0.975,0.04,0.6,9.4,4
262,0.52,0.03,0.57,10.0,5
263,0.37,0.23,0.67,9.3,5
264,0.56,0.49,0.87,10.9,5
265,0.26,0.52,0.72,10.2,7
266,0.87,0.0,0.72,9.8,4
267,0.35,0.46,0.86,12.8,8
269,0.18,0.51,0.97,10.1,6
270,0.545,0.06,0.67,10.7,6
271,0.18,0.51,0.97,10.1,6
272,0.37,0.58,0.78,10.1,5
273,0.715,0.2,0.64,9.4,5
274,0.65,0.18,0.77,9.4,5
275,0.545,0.06,0.67,10.7,6
277,0.18,0.51,0.97,10.1,6
278,0.32,0.45,0.82,12.6,8
279,0.4,0.32,0.77,10.5,7
280,0.26,0.44,0.82,9.3,6
282,0.52,0.12,0.57,9.1,5
283,0.4,0.32,0.77,10.5,7
284,0.59,0.07,0.71,9.8,5
285,0.59,0.07,0.71,9.8,5
286,0.45,0.55,0.76,10.3,6
287,0.4,0.12,0.7,10.3,6
288,0.52,0.09,0.86,10.6,7
290,0.52,0.09,0.86,10.6,7
291,0.2,0.48,0.71,10.5,5
292,0.55,0.23,0.64,10.3,6
293,0.36,0.25,0.6,10.1,6
294,0.34,0.52,0.81,9.5,6
295,0.5,0.46,0.64,9.5,5
296,0.83,0.37,0.52,9.9,5
297,0.63,0.06,0.73,9.6,5
298,0.65,0.02,0.8,9.7,5
299,0.67,0.06,0.71,9.6,5
300,0.53,0.06,0.59,10.7,6
301,0.18,0.48,0.64,10.1,6
302,0.705,0.12,0.72,10.0,5
303,0.67,0.12,0.54,9.5,5
304,0.65,0.6,0.52,9.2,5
305,0.53,0.48,0.59,9.3,6
306,0.62,0.32,0.52,9.4,5
307,0.41,0.42,0.62,9.5,6
308,0.43,0.44,0.63,9.5,6
309,0.29,0.38,0.53,9.5,6
310,0.53,0.48,0.59,9.3,6
311,0.53,0.24,0.54,9.4,6
312,0.46,0.31,0.63,9.5,6
313,0.47,0.3,0.53,9.4,5
314,0.36,0.29,0.68,11.0,5
315,0.35,0.29,0.65,11.0,6
316,0.56,0.23,0.65,10.1,5
317,0.77,0.12,0.64,10.4,6
318,0.66,0.39,0.71,11.5,7
319,0.77,0.12,0.64,10.4,6
320,0.66,0.39,0.71,11.5,7
321,0.61,0.26,0.62,9.7,5
322,0.62,0.05,0.63,9.3,5
323,0.59,0.42,0.7,9.5,6
324,0.49,0.2,0.69,9.2,6
325,0.49,0.2,0.69,9.2,6
326,0.53,0.66,0.74,11.5,7
327,0.44,0.5,0.83,11.5,5
328,0.27,0.62,0.67,9.7,6
329,0.46,0.39,0.62,9.5,5
330,0.36,0.64,0.66,12.5,6
331,0.36,0.64,0.66,12.5,6
332,0.58,0.28,0.54,9.4,6
333,0.56,0.08,0.52,11.0,5
334,0.65,0.01,0.74,11.7,7
336,0.43,0.45,0.7,12.5,6
337,0.43,0.32,0.64,10.3,5
341,0.42,0.48,0.87,11.3,6
342,0.39,0.47,0.75,9.8,6
343,0.39,0.47,0.75,9.8,6
344,0.57,0.5,0.78,10.7,6
345,0.685,0.0,0.81,9.9,5
348,0.56,0.31,0.92,10.0,6
351,0.795,0.0,0.83,9.4,6
352,0.665,0.0,0.73,9.3,5
354,0.21,0.4,0.59,11.9,6
356,0.41,0.52,0.88,11.0,5
357,0.42,0.66,0.75,11.7,7
358,0.43,0.66,0.85,10.4,7
359,0.38,0.66,0.68,9.8,6
360,0.7,0.23,0.7,9.4,5
361,0.45,0.31,0.91,9.9,6
362,0.58,0.66,0.56,10.0,5
363,0.46,0.63,0.87,10.2,5
364,0.615,0.66,0.73,10.0,7
365,0.42,0.5,0.93,11.8,6
366,0.615,0.66,0.73,10.0,7
367,0.575,0.61,0.69,9.0,5
368,0.34,0.52,0.64,9.4,5
370,0.765,0.02,0.78,9.9,5
373,0.55,0.22,0.63,9.2,5
374,0.41,0.63,0.81,10.8,6
379,0.42,0.38,0.7,10.8,6
380,0.26,0.42,0.8,9.4,6
381,0.415,0.68,0.8,10.0,6
382,0.26,0.42,0.8,9.4,6
383,0.26,0.42,0.8,9.4,6
384,0.51,0.28,0.74,9.2,5
385,0.63,0.07,0.76,9.7,6
386,0.54,0.26,0.74,9.2,6
387,0.66,0.15,0.54,9.6,6
388,0.46,0.26,0.74,9.2,6
389,0.38,0.31,0.7,10.0,7
391,0.415,0.68,0.8,10.0,6
392,0.37,0.52,0.51,9.5,5
393,0.665,0.61,0.54,9.1,5
394,0.6,0.65,0.57,9.9,5
396,0.735,0.02,0.53,9.9,5
397,0.59,0.59,0.65,11.0,6
398,0.59,0.59,0.65,11.0,6
399,0.765,0.22,0.55,9.4,5
400,0.735,0.02,0.53,9.9,5
401,0.26,0.3,0.47,10.8,6
402,0.48,0.54,0.61,10.5,6
403,0.6,0.49,0.63,10.5,6
404,0.69,0.05,0.61,9.1,5
405,0.31,0.46,0.76,10.1,6
406,0.44,0.47,0.65,10.8,6
407,0.39,0.66,0.63,10.8,7
408,0.34,0.58,0.7,11.3,6
409,0.46,0.49,0.57,9.6,4
410,0.43,0.34,0.62,9.5,6
411,0.45,0.35,0.62,9.5,5
412,0.735,0.16,0.64,9.3,5
413,0.4,0.53,0.82,11.7,7
414,0.52,0.34,0.61,9.5,5
416,0.48,0.64,0.66,11.7,6
417,0.58,0.12,0.48,10.5,5
418,0.38,0.51,0.76,10.4,6
419,0.77,0.0,0.68,9.9,5
420,0.56,0.33,0.73,11.8,7
421,0.84,0.03,0.56,12.3,7
422,0.96,0.2,0.44,10.9,5
423,0.24,0.47,0.9,11.0,7
424,0.96,0.2,0.44,10.9,5
425,0.84,0.03,0.56,12.3,7
426,0.67,0.08,0.49,11.4,6
427,0.78,0.22,0.56,10.6,6
428,0.52,0.33,0.6,9.3,5
430,0.24,0.47,0.9,11.0,7
431,0.55,0.35,0.56,9.2,5
433,0.39,0.63,0.49,9.5,5
434,0.41,0.55,0.89,9.9,6
435,0.39,0.63,0.49,9.5,5
436,0.67,0.3,0.56,10.2,6
437,0.45,0.73,0.66,11.2,6
438,0.41,0.55,0.89,9.9,6
439,0.62,0.18,0.6,9.3,5
440,0.31,0.72,0.82,9.8,8
441,0.4,0.65,0.68,11.3,6
443,0.44,0.49,0.63,11.6,7
445,0.735,0.1,0.56,10.1,6
446,0.38,0.6,0.73,10.5,5
447,0.48,0.29,0.72,11.2,5
448,0.53,0.22,0.56,10.2,6
449,0.39,0.69,0.61,10.8,6
450,0.39,0.69,0.61,10.8,6
452,0.56,0.03,0.63,10.0,6
453,0.33,0.63,0.74,11.2,7
454,0.23,0.4,0.63,11.1,5
456,0.59,0.39,0.58,10.3,5
457,0.63,0.21,0.58,9.6,5
458,0.33,0.63,0.74,11.2,7
459,0.58,0.66,0.57,9.0,3
460,0.43,0.52,0.61,11.3,6
461,0.615,0.22,0.61,9.3,5
462,0.26,0.68,0.61,11.8,5
464,0.315,0.54,0.7,9.2,6
465,0.29,0.4,0.91,9.7,5
466,0.5,0.42,0.72,11.5,6
468,0.36,0.69,0.62,9.2,6
469,0.82,0.02,0.58,9.8,5
470,0.32,0.65,0.61,10.6,5
471,0.54,0.42,0.71,11.4,6
472,0.37,0.55,0.82,10.4,6
473,0.35,0.55,0.79,10.6,5
474,0.28,0.51,0.89,9.4,6
475,0.68,0.24,0.6,10.2,5
476,0.27,0.41,0.7,9.7,5
478,0.68,0.24,0.6,10.2,5
479,0.685,0.11,0.7,10.1,6
480,0.28,0.39,0.66,9.2,5
481,0.3,0.56,0.92,11.7,8
485,0.67,0.39,0.47,10.0,5
486,0.67,0.39,0.47,10.0,5
487,0.645,0.36,0.42,10.0,6
488,0.32,0.55,0.92,10.8,7
489,0.39,0.4,0.75,10.2,6
490,0.775,0.27,0.67,10.6,6
493,0.69,0.31,0.74,11.6,6
494,0.39,0.23,0.55,12.1,6
495,0.35,0.53,0.65,11.0,8
496,0.52,0.25,0.65,9.0,6
497,0.34,0.32,0.79,11.1,5
498,0.35,0.53,0.65,11.0,8
499,0.69,0.31,0.74,11.6,6
500,0.52,0.25,0.65,9.0,6
507,0.67,0.55,0.71,9.5,6
508,0.59,0.31,0.63,10.2,6
509,0.29,0.75,0.68,11.4,7
510,0.42,0.49,0.61,9.5,5
511,0.59,0.31,0.63,10.2,6
512,0.4,0.48,0.81,9.7,6
513,0.51,0.64,0.66,11.8,7
514,0.51,0.64,0.66,11.8,7
516,0.6,0.49,0.74,11.9,6
517,0.61,0.49,0.63,8.4,3
518,0.21,0.49,0.68,11.7,6
519,0.365,0.49,0.78,11.0,5
520,0.25,0.49,0.9,10.0,6
521,0.41,0.49,0.64,9.1,5
523,0.4,0.49,0.55,9.4,5
524,0.43,0.49,0.64,9.5,5
525,0.64,0.24,0.67,9.9,5
526,0.365,0.49,0.78,11.0,5
527,0.38,0.49,0.77,11.4,6
528,0.42,0.49,0.75,8.7,6
529,0.63,0.24,0.57,9.4,5
530,0.22,0.24,0.87,10.3,6
531,0.38,0.49,0.61,10.3,5
532,0.38,0.49,0.61,10.3,5
533,0.27,0.24,0.66,12.8,6
534,0.48,0.24,0.56,10.0,6
535,0.22,0.24,0.87,10.3,6
536,0.63,0.24,0.57,9.4,5
537,0.825,0.24,0.77,10.7,6
538,0.35,0.49,0.66,12.0,7
539,0.5,0.74,0.62,11.2,5
540,0.59,0.24,0.67,9.6,5
541,0.46,0.49,0.73,11.0,6
542,0.715,0.24,0.59,9.9,5
543,0.66,0.24,0.72,11.0,6
545,0.47,0.49,0.59,9.1,5
546,0.55,0.24,0.78,9.5,6
547,0.31,0.49,0.86,10.7,6
548,0.35,0.49,0.75,10.4,6
549,0.53,0.49,0.61,9.4,6
550,0.51,0.01,0.56,9.5,6
551,0.43,0.24,0.73,10.0,6
552,0.46,0.24,0.74,10.0,6
554,0.645,0.49,0.74,11.1,5
555,0.645,0.49,0.74,11.1,5
556,0.53,0.49,0.56,11.7,6
557,0.645,0.49,0.74,11.1,5
558,0.53,0.49,0.56,11.7,6
559,0.47,0.49,0.68,12.7,6
560,0.6,0.49,0.57,11.4,5
561,0.44,0.49,0.58,9.2,5
562,0.54,0.49,0.61,9.2,5
563,0.29,0.49,0.61,10.1,6
564,0.47,0.49,0.68,12.7,6
565,0.6,0.49,0.57,11.4,5
566,0.7,0.24,0.6,9.0,6
567,0.7,0.24,0.6,9.0,6
568,0.5,0.49,0.79,10.7,6
569,0.36,0.24,0.57,11.7,6
570,0.35,0.49,0.91,11.0,6
571,0.36,0.24,0.57,11.7,6
572,0.24,0.49,0.61,10.4,5
573,0.59,0.49,0.56,9.6,4
574,0.34,0.49,0.7,10.0,6
575,0.27,0.49,0.8,10.2,6
576,0.5,0.24,0.52,10.0,4
577,0.44,0.49,0.6,9.5,5
578,0.47,0.49,0.6,9.8,5
579,0.31,0.49,0.51,9.8,6
580,0.5,0.49,0.44,9.6,5
581,0.5,0.49,0.44,9.6,5
582,0.49,0.49,0.43,9.2,5
583,0.28,0.49,0.66,9.9,7
584,0.33,0.49,0.76,10.7,7
585,0.51,0.24,0.66,9.6,6
587,0.73,0.24,0.59,9.3,5
589,0.29,0.49,0.74,10.5,7
590,0.45,0.49,0.57,9.7,5
591,0.39,0.49,0.5,11.5,6
592,0.45,0.49,0.57,9.7,5
593,0.49,0.58,0.58,9.0,5
594,0.72,0.17,0.53,9.5,5
595,0.595,0.41,0.57,9.3,5
596,0.4,0.51,0.6,9.3,6
597,0.58,0.58,0.63,10.0,6
598,0.585,0.18,0.48,9.8,6
599,0.59,0.45,0.7,9.3,6
600,0.915,0.27,0.47,10.0,4
601,0.46,0.52,0.56,9.0,6
602,0.835,0.0,0.52,9.3,5
603,0.46,0.52,0.56,9.0,6
604,0.58,0.13,0.62,9.1,6
605,0.6,0.13,0.59,9.2,6
606,0.41,0.48,0.79,12.2,7
607,0.48,0.41,0.53,10.5,6
608,0.65,0.37,0.64,10.4,6
610,0.24,0.54,0.54,9.2,5
611,0.38,0.55,0.54,9.4,5
612,0.64,0.0,0.6,10.0,6
613,0.39,0.38,0.74,9.8,5
615,0.6,0.5,0.57,9.7,5
616,0.6,0.5,0.57,9.7,5
617,0.31,0.51,0.93,9.8,6
618,0.46,0.5,0.7,10.2,5
619,0.37,0.41,0.8,9.3,5
620,0.54,0.24,0.61,9.4,5
621,0.56,0.23,0.62,9.4,5
622,0.58,0.22,0.55,9.5,5
623,0.51,0.25,0.96,12.1,6
624,0.69,0.0,0.72,10.2,5
625,0.69,0.0,0.72,10.2,5
626,0.6,0.29,0.49,9.1,5
627,0.6,0.29,0.49,9.1,5
628,0.54,0.26,0.6,9.3,6
629,0.685,0.23,0.61,9.3,5
630,0.54,0.26,0.6,9.3,6
631,0.28,0.54,0.63,9.5,5
632,0.41,0.14,0.57,10.5,6
633,0.935,0.22,0.64,11.3,4
634,0.35,0.21,0.58,9.5,5
635,0.84,0.0,0.55,9.7,5
636,0.88,0.28,0.53,9.4,5
637,0.885,0.27,0.53,9.4,5
638,0.915,0.12,0.65,10.2,7
640,0.54,0.45,0.62,9.4,5
641,0.59,0.44,0.63,9.5,5
642,0.54,0.45,0.62,9.4,5
643,0.59,0.44,0.63,9.5,5
644,0.54,0.45,0.62,9.4,5
645,0.64,0.1,0.69,10.1,7
646,0.67,0.05,0.63,10.1,5
647,0.845,0.01,0.58,11.0,4
648,0.48,0.3,0.67,11.2,7
649,0.42,0.27,0.57,11.3,6
650,0.43,0.39,0.5,9.6,5
651,0.88,0.25,0.67,11.2,5
653,0.33,0.59,0.54,12.0,6
654,0.47,0.47,0.46,9.5,5
655,0.55,0.17,0.61,9.4,5
656,0.43,0.39,0.5,9.6,5
657,0.5,0.59,0.68,10.5,7
658,0.52,0.07,0.81,9.6,6
659,0.84,0.02,0.57,11.0,4
660,0.52,0.07,0.81,9.6,6
661,0.42,0.31,0.64,9.0,5
662,0.57,0.06,0.7,9.6,6
663,0.28,0.46,0.79,10.2,6
664,0.4,0.52,0.66,10.2,5
665,0.59,0.14,0.56,9.7,5
666,0.49,0.36,0.6,9.5,6
667,0.34,0.45,0.66,9.2,6
668,0.73,0.43,0.57,11.0,5
669,0.34,0.45,0.66,9.2,6
670,0.4,0.24,0.58,10.0,5
671,0.73,0.21,0.52,9.5,5
673,0.73,0.21,0.52,9.5,5
674,0.4,0.41,0.67,9.3,6
675,0.41,0.39,0.65,10.2,5
676,0.4,0.41,0.67,9.3,6
677,0.8,0.11,0.48,9.9,5
678,0.78,0.1,0.53,10.0,5
679,0.26,0.45,0.54,9.6,5
680,0.43,0.58,0.49,9.0,5
681,0.45,0.23,0.49,10.2,6
682,0.46,0.31,0.54,9.8,5
683,0.78,0.23,0.56,11.3,5
685,0.78,0.23,0.56,11.3,5
686,0.65,0.18,0.6,9.1,5
687,0.64,0.23,0.59,9.7,5
688,0.66,0.04,0.47,9.4,5
691,0.92,0.24,0.54,9.8,5
693,0.48,0.32,0.62,9.4,5
694,0.47,0.31,0.61,9.4,5
695,0.47,0.02,0.62,12.8,6
696,0.65,0.02,0.67,9.5,6
697,0.65,0.02,0.67,9.5,6
698,0.615,0.28,0.53,9.7,5
699,0.38,0.55,0.62,10.8,6
701,0.65,0.02,0.67,9.5,6
702,0.64,0.02,0.67,9.4,6
703,0.38,0.48,0.7,9.6,4
704,0.765,0.04,0.54,9.7,4
705,1.035,0.15,0.49,9.9,5
706,0.78,0.08,0.47,10.0,5
707,0.49,0.19,0.51,10.5,5
708,0.545,0.12,0.61,11.6,6
709,0.31,0.47,0.66,10.0,6
711,0.565,0.34,0.61,9.5,5
712,0.69,0.0,0.45,9.4,5
713,0.43,0.36,0.46,9.4,5
714,0.74,0.28,0.51,9.8,5
715,0.49,0.18,0.48,9.2,6
716,0.43,0.36,0.46,9.4,5
717,0.46,0.11,0.57,10.0,5
718,0.56,0.04,0.44,9.6,5
719,0.66,0.0,0.54,9.5,5
720,0.56,0.04,0.44,9.6,5
721,0.48,0.24,0.53,9.2,5
722,0.42,0.08,0.59,10.0,5
725,0.66,0.17,0.55,10.4,5
726,0.72,0.09,0.72,11.1,6
727,0.57,0.02,0.68,9.5,5
728,0.57,0.02,0.68,9.5,5
730,0.55,0.66,0.67,9.6,5
731,0.875,0.13,0.52,11.5,5
732,0.835,0.03,0.47,9.6,5
733,0.45,0.34,0.6,9.5,5
734,0.56,0.2,0.62,9.3,5
735,0.965,0.1,0.5,9.5,5
736,0.965,0.1,0.5,9.5,5
737,0.59,0.0,0.65,9.3,6
738,0.46,0.23,0.56,9.2,5
739,0.69,0.0,0.6,9.3,5
740,0.76,0.29,0.68,11.5,6
741,0.53,0.24,0.57,9.5,5
742,0.615,0.0,0.65,9.2,5
743,0.41,0.58,0.53,10.0,5
744,0.39,0.54,0.51,9.5,5
745,0.51,0.18,0.73,9.5,6
746,0.34,0.38,0.47,9.0,6
747,0.33,0.4,0.48,9.4,5
748,0.5,0.18,0.72,9.6,6
749,0.51,0.18,0.73,9.5,6
750,0.65,0.1,0.55,9.5,5
751,0.65,0.1,0.55,9.5,5
752,0.54,0.13,0.61,9.4,5
753,0.65,0.1,0.55,9.5,5
755,0.91,0.07,0.43,10.7,6
756,0.98,0.01,0.46,11.2,6
757,0.87,0.0,0.5,9.8,5
758,0.87,0.0,0.5,9.8,5
759,0.42,0.21,0.52,9.2,5
760,0.58,0.25,0.57,9.7,5
761,0.655,0.26,0.42,9.6,5
762,0.7,0.0,0.53,10.0,6
763,0.655,0.26,0.42,9.6,5
764,0.68,0.11,0.55,9.5,6
765,0.67,0.1,0.54,9.5,6
766,0.59,0.18,0.54,9.4,5
767,0.6,0.32,0.62,9.5,5
768,0.59,0.02,0.53,9.7,6
769,0.72,0.01,0.54,9.6,5
770,0.59,0.02,0.53,9.7,6
771,0.685,0.26,0.55,9.4,5
772,0.57,0.27,0.55,9.4,5
773,0.4,0.29,0.92,9.5,6
774,0.4,0.3,0.91,9.5,6
775,1.0,0.0,0.46,10.0,5
776,0.765,0.18,0.6,10.3,6
777,0.635,0.17,0.59,10.3,6
778,0.43,0.3,0.61,10.5,5
779,0.52,0.03,0.6,9.8,5
780,0.57,0.0,0.6,9.4,6
781,0.46,0.14,0.65,9.8,5
782,0.82,0.05,0.53,10.0,5
783,0.46,0.14,0.65,9.8,5
784,0.59,0.01,0.59,9.8,5
785,0.35,0.41,0.5,9.5,5
786,0.35,0.41,0.5,9.5,5
787,0.56,0.24,0.56,10.1,6
788,0.56,0.24,0.56,10.1,6
789,0.63,0.17,0.52,9.3,5
790,0.37,0.43,0.68,9.7,6
791,0.64,0.17,0.54,9.6,5
792,0.61,0.02,0.6,9.7,6
793,0.6,0.0,0.56,10.8,5
796,0.46,0.31,0.74,9.6,5
797,0.37,0.44,0.81,10.8,7
798,0.5,0.34,0.52,10.7,6
799,0.5,0.34,0.52,10.7,6
800,0.61,0.08,0.51,9.4,5
801,0.55,0.09,0.44,10.0,5
803,0.56,0.08,0.66,9.6,6
804,0.52,0.22,0.57,9.9,6
805,0.28,0.4,0.7,12.8,7
806,0.25,0.39,0.71,12.5,7
807,0.28,0.4,0.7,12.8,7
808,0.53,0.12,0.86,9.2,5
809,0.48,0.31,0.55,10.3,6
810,0.49,0.1,0.47,10.5,5
811,0.5,0.55,0.68,10.9,6
812,0.45,0.33,0.71,10.8,5
813,0.39,0.24,0.58,11.4,4
814,0.41,0.54,0.76,11.3,6
815,0.45,0.33,0.71,10.8,5
816,0.51,0.19,0.58,10.5,6
817,0.29,0.42,0.73,11.9,6
818,0.715,0.0,0.45,9.4,5
819,0.66,0.15,0.54,9.6,5
820,0.685,0.0,0.6,9.7,5
822,0.54,0.13,0.64,9.8,5
823,0.54,0.13,0.64,9.8,5
824,0.48,0.28,0.53,10.3,5
825,0.46,0.14,0.49,10.7,5
826,0.27,0.34,0.64,11.0,7
827,0.46,0.14,0.49,10.7,5
828,0.57,0.09,0.74,12.7,8
829,0.61,0.08,0.77,11.1,6
830,0.685,0.07,0.55,10.9,4
831,0.61,0.08,0.77,11.1,6
832,0.44,0.42,0.86,9.9,3
833,0.47,0.44,0.86,9.9,4
834,0.685,0.26,0.47,9.4,5
835,0.665,0.1,0.51,9.3,5
838,0.31,0.35,0.83,11.2,7
839,0.5,0.04,0.47,10.0,5
840,0.42,0.47,0.77,12.1,7
841,0.66,0.0,0.63,10.3,5
842,0.5,0.45,0.72,10.9,6
843,0.685,0.35,0.62,9.4,5
844,0.25,0.46,0.83,10.6,6
845,0.64,0.21,0.66,9.8,5
846,0.64,0.21,0.66,9.8,5
847,0.68,0.16,0.7,9.9,6
848,0.64,0.21,0.66,9.8,5
849,0.63,0.21,0.66,9.8,5
850,0.43,0.44,0.55,9.5,5
851,0.43,0.44,0.55,9.5,5
853,0.36,0.39,0.73,10.9,6
854,0.36,0.39,0.73,10.9,6
855,0.735,0.02,0.71,11.7,7
856,0.36,0.39,0.73,10.9,6
857,0.26,0.34,0.78,11.3,7
858,0.28,0.47,0.67,10.6,7
859,0.56,0.22,0.82,11.2,6
860,0.62,0.06,0.54,9.5,5
862,0.42,0.32,0.44,10.4,5
863,0.62,0.06,0.53,9.7,5
864,0.62,0.06,0.54,9.5,5
865,0.635,0.07,0.54,9.7,5
866,0.49,0.22,0.83,11.3,6
867,0.51,0.23,0.84,11.2,6
868,0.56,0.22,0.82,11.2,6
869,0.63,0.03,0.64,10.9,6
870,0.715,0.01,0.57,11.8,6
871,0.56,0.03,0.57,10.6,5
872,0.35,0.24,0.54,10.0,4
873,0.21,0.37,0.58,11.1,7
874,0.38,0.46,0.65,11.8,7
875,0.31,0.4,0.79,11.8,7
876,0.47,0.0,0.58,10.9,4
877,0.715,0.01,0.57,11.8,6
878,0.61,0.19,0.5,10.0,6
879,0.6,0.04,0.55,9.5,5
880,0.56,0.18,0.49,9.9,5
881,0.715,0.0,0.65,11.4,6
882,0.31,0.29,0.78,12.0,6
883,0.6,0.04,0.55,9.5,5
884,0.61,0.19,0.5,10.0,6
885,0.75,0.14,0.64,10.5,5
886,0.8,0.12,0.65,10.4,6
887,0.52,0.38,0.79,12.1,7
888,0.57,0.0,0.56,11.2,6
889,0.9,0.34,0.68,9.3,5
890,0.34,0.24,0.58,10.1,5
891,0.66,0.03,0.57,9.7,5
892,0.45,0.23,0.65,9.3,6
893,0.66,0.03,0.57,9.7,5
894,0.63,0.03,0.58,9.8,6
895,0.59,0.01,0.58,10.7,6
896,0.31,0.39,0.77,12.5,7
897,0.59,0.01,0.58,10.7,6
898,0.31,0.39,0.77,12.5,7
899,1.02,0.02,0.49,11.0,3
900,0.31,0.36,0.69,11.8,5
901,0.635,0.1,0.69,10.8,7
902,0.635,0.1,0.69,10.8,7
903,0.59,0.06,0.59,10.8,7
904,0.59,0.06,0.59,10.8,7
905,0.58,0.2,0.59,9.5,5
906,0.54,0.27,0.71,11.0,5
907,0.56,0.0,0.54,11.5,6
908,0.52,0.13,0.59,10.8,6
909,0.305,0.39,0.52,11.5,6
911,0.28,0.46,0.6,10.9,6
912,0.46,0.44,0.62,12.2,6
913,0.395,0.46,0.64,12.2,7
914,0.305,0.39,0.52,11.5,6
915,0.315,0.4,0.67,11.9,6
916,0.715,0.19,0.61,11.0,5
917,0.41,0.31,0.64,10.1,6
918,0.36,0.32,0.72,11.0,6
919,0.62,0.12,0.89,11.8,6
920,0.41,0.37,0.56,10.5,5
921,0.36,0.32,0.72,11.0,6
922,0.62,0.12,0.89,11.8,6
923,0.41,0.31,0.64,10.1,6
924,0.47,0.27,0.8,11.2,5
925,0.22,0.36,0.87,11.0,7
926,0.24,0.33,0.9,10.2,6
927,0.67,0.19,0.59,9.2,4
928,0.47,0.27,0.8,11.2,5
929,0.33,0.38,0.73,12.0,7
930,0.61,0.01,0.73,10.5,5
931,0.61,0.01,0.65,9.8,5
932,0.4,0.29,0.59,9.5,6
933,0.61,0.01,0.65,9.8,5
934,0.61,0.01,0.73,10.5,5
935,0.3,0.38,0.72,11.8,6
936,0.3,0.38,0.72,11.8,6
937,0.63,0.5,0.6,10.4,4
938,0.38,0.38,0.72,12.9,7
939,0.46,0.17,0.54,11.4,5
940,0.33,0.52,0.76,12.4,7
942,0.43,0.4,0.64,10.0,7
943,0.5,0.34,0.6,9.7,7
944,0.3,0.49,0.64,12.1,7
945,0.44,0.42,0.79,11.1,7
947,0.28,0.48,0.62,12.4,7
948,0.12,0.45,0.76,11.9,7
949,0.12,0.45,0.76,11.9,7
950,0.12,0.45,0.76,11.9,7
951,0.28,0.48,0.62,12.4,7
952,0.31,0.4,0.68,11.2,7
953,0.34,0.48,0.69,12.1,7
954,0.43,0.4,0.54,12.2,6
955,0.21,0.52,0.67,10.4,5
956,0.36,0.52,0.62,11.3,6
957,0.37,0.52,0.58,11.1,6
958,0.57,0.12,0.71,11.3,7
959,0.59,0.05,0.61,10.0,5
960,0.47,0.27,0.85,11.1,6
961,0.56,0.14,0.62,9.3,5
962,0.57,0.02,0.69,9.5,5
963,0.27,0.39,0.69,11.2,6
964,0.47,0.27,0.85,11.1,6
965,0.34,0.4,0.86,11.0,6
966,0.38,0.41,0.58,11.9,7
967,0.66,0.2,0.48,9.2,5
968,0.4,0.43,0.6,12.2,6
969,0.56,0.09,0.61,10.2,5
970,0.26,0.48,0.87,10.9,6
971,0.26,0.48,0.87,10.9,6
972,0.38,0.5,0.65,11.6,7
973,0.34,0.44,0.63,10.7,5
974,0.33,0.41,0.62,12.1,7
975,0.41,0.3,0.52,9.4,5
976,0.41,0.3,0.52,9.4,5
977,0.59,0.29,0.5,9.1,5
978,0.4,0.32,0.49,11.3,7
979,0.45,0.49,0.63,10.4,5
980,0.5,0.3,0.71,10.5,6
981,0.86,0.26,0.62,10.0,5
982,0.52,0.32,0.82,12.9,6
983,0.5,0.3,0.71,10.5,6
984,0.45,0.49,0.63,10.4,5
985,0.58,0.0,0.58,11.3,6
986,0.34,0.39,0.55,11.4,7
987,0.36,0.3,0.5,9.4,5
988,0.39,0.12,0.49,9.4,5
989,0.295,0.4,0.51,10.9,6
990,0.39,0.12,0.49,9.4,5
991,0.34,0.28,0.48,9.4,5
992,0.4,0.1,0.48,9.4,6
993,0.34,0.28,0.48,9.4,5
994,0.35,0.45,0.43,9.4,5
995,0.6,0.06,0.62,10.1,6
996,0.66,0.0,0.63,12.8,7
997,0.66,0.0,0.63,12.8,7
998,0.84,0.34,0.48,9.1,6
1000,0.43,0.3,0.72,11.5,7
1001,0.35,0.38,0.82,10.6,7
1002,0.29,0.33,0.84,11.7,7
1003,0.36,0.32,0.55,12.8,7
1004,0.43,0.29,0.54,10.3,5
1005,0.36,0.32,0.55,12.8,7
1006,0.29,0.33,0.84,11.7,7
1007,0.3,0.34,0.84,11.7,7
1008,0.35,0.4,0.7,12.0,7
1009,0.5,0.36,0.68,10.9,5
1010,0.28,0.45,0.55,12.3,7
1011,0.32,0.31,0.55,10.4,6
1012,1.005,0.15,0.48,10.0,5
1013,0.71,0.0,0.58,10.0,6
1014,0.58,0.16,0.58,11.2,6
1015,0.39,0.46,0.84,11.4,6
1016,0.38,0.4,0.75,12.6,7
1019,0.5,0.14,0.61,10.4,5
1022,0.51,0.09,0.54,10.5,5
1023,0.32,0.42,0.55,12.3,6
1024,0.58,0.01,0.56,10.5,7
1025,0.83,0.0,0.6,10.4,6
1026,0.31,0.32,0.56,12.6,6
1027,0.795,0.0,0.52,11.6,5
1028,0.34,0.21,0.54,10.1,6
1029,0.58,0.01,0.56,10.5,7
1030,0.59,0.0,0.55,11.5,7
1031,0.55,0.01,0.58,11.0,7
1032,0.82,0.0,0.53,9.6,5
1033,0.57,0.08,0.59,10.4,6
1034,0.745,0.18,0.47,9.7,6
1035,0.37,0.34,0.65,10.6,7
1036,0.31,0.34,0.59,12.5,7
1037,0.91,0.1,0.56,9.2,5
1038,0.41,0.41,0.77,12.6,7
1039,0.5,0.21,0.83,11.1,6
1040,0.965,0.0,0.67,10.2,5
1041,0.49,0.19,0.64,9.8,6
1042,0.5,0.21,0.83,11.1,6
1043,0.39,0.41,0.81,10.9,7
1044,0.39,0.33,0.62,12.2,6
1045,0.44,0.0,0.58,11.4,6
1046,0.78,0.0,0.62,10.7,6
1047,0.43,0.17,0.64,10.4,5
1048,0.49,0.36,0.78,10.9,6
1049,0.5,0.36,0.77,10.8,6
1050,0.43,0.17,0.64,10.4,5
1053,0.33,0.42,0.77,12.7,7
1054,0.64,0.27,0.62,9.1,6
1055,0.64,0.27,0.62,9.1,6
1056,0.48,0.53,0.59,12.1,7
1057,0.42,0.25,0.57,9.1,5
1058,0.53,0.57,0.76,11.6,7
1059,0.48,0.53,0.59,12.1,7
1060,0.23,0.57,0.7,9.9,6
1061,0.4,0.5,0.69,12.5,8
1062,0.38,0.44,0.64,11.4,6
1063,0.29,0.65,0.63,11.8,6
1064,0.74,0.09,0.57,11.8,6
1065,0.61,0.18,0.6,10.2,6
1066,0.52,0.08,0.72,12.5,7
1067,0.31,0.53,0.83,10.9,7
1068,0.31,0.53,0.83,10.9,7
1069,0.62,0.35,0.62,10.8,5
1070,0.33,0.45,0.89,11.1,7
1071,0.77,0.2,0.58,9.2,5
1072,0.35,0.26,0.58,9.5,6
1073,0.62,0.33,0.58,10.7,6
1074,0.77,0.2,0.58,9.2,5
1075,0.25,0.34,0.86,10.2,7
1076,0.32,0.56,0.73,11.4,6
1077,0.37,0.65,0.58,11.0,5
1078,0.37,0.65,0.58,11.0,5
1080,0.27,0.56,0.51,11.8,6
1082,0.38,0.3,0.59,9.5,6
1083,0.42,0.45,0.77,12.0,6
1084,0.38,0.3,0.59,9.5,6
1085,0.48,0.08,0.49,9.6,5
1086,0.34,0.4,0.66,11.6,7
1087,0.19,0.42,0.69,11.2,6
1088,0.41,0.54,0.76,9.9,7
1089,0.41,0.54,0.76,9.9,7
1090,0.26,0.54,0.63,11.8,8
1091,0.34,0.42,0.6,11.4,6
1092,0.54,0.09,0.59,11.5,6
1093,0.31,0.36,0.86,12.0,7
1094,0.725,0.09,0.49,10.8,6
1095,0.4,0.47,0.5,10.5,5
1096,0.725,0.09,0.49,10.8,6
1097,0.52,0.38,0.52,9.4,5
1098,0.31,0.45,0.81,12.5,7
1099,0.52,0.38,0.52,9.4,5
1100,0.34,0.42,0.78,12.4,6
1101,0.49,0.27,0.63,12.0,6
1102,0.48,0.09,0.54,11.2,6
1103,0.49,0.27,0.63,12.0,6
1104,0.48,0.34,0.66,12.4,6
1105,0.57,0.28,0.6,12.8,5
1106,0.23,0.42,0.54,12.3,6
1107,0.3,0.41,0.85,11.7,7
1108,0.78,0.1,0.49,9.5,5
1109,0.47,0.43,0.76,10.8,6
1110,0.53,0.0,0.64,10.0,6
1111,0.42,0.27,0.64,12.3,7
1112,0.33,0.41,0.71,11.0,6
1113,0.24,0.39,0.59,9.5,6
1115,0.69,0.07,0.6,11.3,6
1116,0.69,0.07,0.6,11.3,6
1117,0.69,0.07,0.6,11.3,6
1120,0.54,0.34,0.72,13.1,8
1121,0.5,0.0,0.55,12.3,6
1123,0.4,0.37,0.65,11.2,6
1124,0.58,0.0,0.62,11.5,4
1125,0.24,0.35,0.59,11.3,7
1127,0.76,0.0,0.6,11.5,6
1128,0.43,0.33,0.68,10.0,5
1129,0.43,0.35,0.69,10.5,6
1130,0.6,0.0,0.63,10.4,6
1133,0.48,0.07,0.68,11.2,7
1134,0.28,0.35,0.74,11.8,7
1135,0.25,0.43,0.6,11.9,6
1136,0.52,0.45,0.76,11.4,6
1137,0.52,0.45,0.76,11.4,6
1138,0.41,0.15,0.58,9.1,5
1139,0.51,0.24,0.64,9.5,6
1140,0.4,0.3,0.65,9.5,6
1141,0.38,0.32,0.85,11.0,6
1142,0.45,0.11,0.65,11.4,6
1143,0.22,0.3,0.82,10.0,6
1144,0.32,0.23,0.62,10.1,5
1145,0.2,0.43,0.81,10.4,6
1146,0.5,0.12,0.87,9.8,6
1147,0.41,0.45,0.49,11.8,7
1148,0.39,0.42,0.66,11.6,6
1149,0.35,0.47,0.52,12.0,6
1150,0.33,0.32,0.76,12.8,7
1151,0.58,0.23,0.65,12.5,6
1152,0.6,0.25,0.53,9.8,5
1153,0.42,0.35,0.66,11.1,6
1154,0.58,0.0,0.68,11.4,6
1155,0.6,0.25,0.53,9.8,5
1156,0.18,0.51,0.76,11.8,7
1159,0.41,0.43,0.67,10.8,5
1160,0.36,0.57,0.72,11.1,7
1161,0.45,0.43,0.75,10.2,6
1162,0.32,0.42,0.71,11.8,7
1163,0.785,0.24,0.67,10.0,5
1164,0.785,0.24,0.67,10.0,5
1167,0.33,0.39,0.88,12.4,7
1168,0.34,0.27,0.56,12.0,6
1169,0.5,0.29,0.62,11.5,6
1170,0.36,0.34,0.67,10.5,6
1171,0.59,0.0,0.68,10.8,6
1172,0.42,0.46,0.74,12.3,6
1173,0.36,0.31,0.62,9.5,6
1174,0.36,0.31,0.62,9.5,6
1175,0.61,0.0,0.7,11.5,6
1176,0.88,0.03,0.5,11.2,4
1177,0.66,0.0,0.66,12.7,7
1178,0.915,0.0,0.73,11.4,5
1179,0.35,0.33,0.81,11.0,6
1180,0.35,0.33,0.81,11.0,6
1181,0.39,0.43,0.46,11.4,5
1182,0.4,0.4,0.86,10.5,6
1183,0.66,0.07,0.6,9.3,5
1184,0.64,0.23,0.7,10.9,5
1185,0.43,0.3,0.46,11.9,6
1186,0.8,0.03,0.5,12.2,5
1187,0.43,0.3,0.46,11.9,6
1188,0.64,0.23,0.7,10.9,5
1189,0.955,0.05,0.44,9.6,4
1190,0.4,0.57,0.57,12.5,6
1191,0.885,0.0,0.51,10.8,5
1192,0.25,0.37,0.8,12.4,7
1193,0.885,0.0,0.51,10.8,5
1194,0.745,0.12,0.59,9.5,6
1195,0.43,0.22,0.6,9.5,6
1196,0.58,0.23,0.58,9.5,6
1197,0.57,0.21,0.54,9.8,6
1198,0.26,0.26,0.79,10.9,6
1199,0.58,0.23,0.58,9.5,6
1200,0.57,0.21,0.54,9.8,6
1201,0.34,0.36,0.54,11.2,7
1202,0.42,0.39,0.69,11.7,8
1203,0.74,0.19,0.55,9.4,5
1204,0.36,0.46,0.85,11.0,7
1205,0.36,0.46,0.85,11.0,7
1206,0.36,0.46,0.85,11.0,7
1208,0.36,0.46,0.85,11.0,7
1209,0.39,0.43,0.87,11.2,7
1210,0.65,0.02,0.62,10.4,6
1211,0.44,0.15,0.62,9.3,5
1212,0.65,0.02,0.62,10.4,6
1213,0.38,0.42,0.75,10.5,6
1214,0.33,0.46,0.48,10.4,6
1215,0.27,0.46,0.56,11.3,6
1216,0.57,0.31,0.69,9.5,6
1217,0.34,0.37,0.81,12.0,6
1218,0.4,0.31,0.69,10.6,6
1219,0.39,0.4,0.83,10.9,6
1220,0.32,0.52,0.77,11.5,6
1221,0.32,0.52,0.77,11.5,6
1222,0.53,0.22,0.46,9.6,6
1223,0.36,0.47,0.76,12.0,6
1224,0.39,0.49,0.82,10.3,6
1225,0.46,0.23,0.51,9.4,5
1226,0.58,0.03,0.47,9.2,5
1227,0.58,0.25,0.72,9.6,5
1229,0.43,0.29,0.64,9.5,5
1230,0.18,0.34,0.78,11.8,6
1231,0.815,0.01,0.62,10.8,5
1232,0.43,0.29,0.64,9.5,5
1233,0.23,0.37,0.49,9.3,4
1235,0.33,0.32,0.56,11.5,4
1236,0.55,0.0,0.64,9.4,6
1238,0.73,0.0,0.46,9.6,4
1239,0.67,0.0,0.56,11.8,4
1240,0.61,0.2,0.4,9.3,5
1241,0.37,0.39,0.59,9.8,5
1242,0.4,0.41,0.6,12.2,6
1243,0.56,0.22,0.62,9.5,5
1244,0.29,0.25,0.54,10.3,6
1245,0.55,0.19,0.68,10.5,5
1246,0.74,0.07,0.48,10.0,5
1247,0.55,0.19,0.68,10.5,5
1248,0.41,0.33,0.75,11.1,6
1249,0.6,0.01,0.61,10.9,6
1250,0.6,0.01,0.61,10.9,6
1251,0.58,0.14,0.59,9.8,5
1252,0.72,0.0,0.58,9.8,5
1253,0.66,0.0,0.58,9.5,5
1254,0.7,0.06,0.69,10.9,5
1255,0.64,0.02,0.45,11.0,5
1256,0.59,0.22,0.42,9.2,5
1257,0.58,0.28,0.7,11.0,6
1258,0.64,0.0,0.63,11.3,6
1259,0.64,0.0,0.63,11.3,6
1261,1.02,0.0,0.55,11.2,4
1262,0.45,0.38,0.58,9.8,5
1263,0.78,0.0,0.46,9.6,4
1264,0.37,0.32,0.72,11.8,6
1265,0.57,0.05,0.6,10.3,6
1266,0.57,0.05,0.6,10.3,6
1267,0.43,0.5,0.87,11.4,6
1268,0.41,0.31,0.55,9.5,6
1271,0.44,0.2,0.57,11.7,6
1272,0.46,0.0,0.53,11.2,5
1273,0.58,0.2,0.43,9.3,5
1274,0.58,0.13,0.53,11.2,6
1275,0.715,0.22,0.54,9.5,6
1276,0.4,0.4,0.56,12.0,4
1277,0.69,0.0,0.6,9.7,6
1278,0.715,0.22,0.54,9.5,6
1279,0.3,0.39,0.57,11.5,7
1280,0.46,0.2,0.64,10.4,6
1281,0.46,0.2,0.64,10.4,6
1282,0.765,0.0,0.68,10.9,6
1283,0.63,0.28,0.63,10.2,6
1284,0.42,0.19,0.56,10.9,5
1285,0.37,0.5,0.57,10.5,5
1290,0.74,0.0,0.59,11.0,5
1291,0.635,0.1,0.75,10.9,6
1292,0.395,0.13,0.67,12.4,6
1293,0.755,0.0,0.49,9.7,4
1294,0.635,0.1,0.75,10.9,6
1295,0.63,0.0,0.45,9.5,5
1296,0.63,0.0,0.45,9.5,5
1297,0.53,0.14,0.61,12.1,6
1298,0.6,0.0,0.56,12.2,6
1300,0.645,0.0,0.61,12.5,6
1301,0.86,0.07,0.74,11.7,6
1302,0.37,0.32,0.8,11.2,6
1303,0.28,0.44,0.66,11.2,5
1304,0.79,0.21,0.44,9.2,5
1305,0.61,0.26,0.53,9.8,5
1306,0.69,0.32,0.62,10.1,5
1307,0.68,0.09,0.52,11.1,4
1308,0.69,0.32,0.62,10.1,5
1309,0.62,0.1,0.61,9.2,5
1310,0.61,0.26,0.53,9.8,5
1311,0.51,0.15,0.59,12.8,6
1313,0.36,0.21,0.54,10.1,6
1314,0.36,0.21,0.53,10.1,6
1315,0.63,0.27,0.58,9.8,6
1316,0.74,0.0,0.59,12.5,6
1317,0.44,0.46,0.69,11.9,6
1318,0.63,0.27,0.58,9.8,6
1320,0.66,0.34,0.66,10.1,5
1321,0.74,0.0,0.59,12.5,6
1322,0.34,0.42,0.55,11.4,5
1323,0.36,0.39,0.82,11.0,7
1324,0.46,0.24,0.6,10.6,6
1325,0.46,0.24,0.6,10.6,6
1326,0.46,0.24,0.6,10.6,6
1327,0.46,0.24,0.6,10.6,6
1328,0.52,0.11,0.52,9.3,5
1329,0.6,0.26,0.56,9.8,6
1330,0.6,0.26,0.56,9.8,6
1331,0.87,0.26,0.46,9.2,5
1332,0.39,0.1,0.43,9.7,6
1333,0.775,0.22,0.51,9.6,5
1334,0.835,0.0,0.52,10.0,5
1335,0.58,0.02,0.66,12.6,6
1336,0.5,0.0,0.45,9.5,5
1337,0.5,0.0,0.45,9.5,5
1338,0.5,0.0,0.45,9.5,5
1339,0.51,0.02,0.54,10.5,6
1340,0.51,0.02,0.54,10.5,6
1341,0.51,0.02,0.54,10.5,6
1342,0.54,0.02,0.51,10.4,6
1343,0.51,0.02,0.54,10.5,6
1344,0.42,0.48,0.53,11.0,5
1345,0.44,0.24,0.53,10.2,6
1346,0.59,0.01,0.56,11.4,5
1347,0.655,0.03,0.39,9.5,5
1348,0.655,0.03,0.39,9.5,5
1349,0.57,0.0,0.52,10.8,5
1350,0.6,0.29,0.57,10.0,5
1351,0.62,0.01,0.51,11.8,6
1352,0.645,0.03,0.46,10.3,5
1353,0.645,0.03,0.46,10.3,5
1354,0.58,0.03,0.52,10.0,5
1355,0.32,0.25,0.44,10.1,5
1356,0.34,0.25,0.44,10.1,5
1357,0.43,0.24,0.59,11.1,6
1358,0.64,0.17,0.5,9.5,5
1359,0.475,0.4,0.65,10.0333333333333,6
1360,0.54,0.31,0.56,10.9,5
1361,0.85,0.14,0.54,10.1,5
1362,0.475,0.4,0.65,10.0333333333333,6
1363,0.83,0.27,0.48,9.8,4
1364,0.605,0.02,0.53,11.8,6
1365,0.5,0.09,0.62,9.5,5
1366,0.74,0.08,0.5,9.8,5
1368,0.77,0.32,0.5,9.8,6
1369,0.61,0.0,0.37,10.4,4
1373,0.75,0.27,0.45,9.3,5
1374,0.815,0.0,0.51,9.8,3
1375,0.56,0.26,0.52,9.9,5
1376,0.885,0.2,0.46,10.0,5
1377,0.49,0.26,0.62,12.2,6
1378,0.45,0.15,0.51,9.9,6
1379,0.57,0.02,0.62,10.8,6
1380,0.57,0.02,0.62,10.8,6
1381,0.83,0.09,0.45,9.6,5
1382,0.6,0.22,0.49,9.9,5
1383,0.6,0.22,0.49,9.9,5
1384,0.755,0.15,0.5,9.5,5
1385,0.81,0.25,0.42,9.2,5
1386,0.64,0.07,0.58,9.6,5
1387,0.64,0.07,0.58,9.6,5
1388,0.64,0.31,0.68,10.3,5
1389,0.48,0.02,0.53,9.7,5
1390,0.49,0.0,0.59,12.5,6
1391,0.64,0.22,0.58,11.0,5
1392,0.62,0.06,0.48,9.8,5
1393,0.52,0.25,0.48,10.2,5
1394,0.57,0.14,0.48,9.2,5
1395,0.685,0.1,0.65,9.55,6
1396,0.675,0.1,0.65,9.55,5
1397,0.59,0.26,0.52,9.9,5
1398,0.6,0.12,0.62,10.2,7
1399,0.67,0.0,0.72,11.1,6
1400,0.69,0.21,0.51,9.9,5
1401,0.69,0.21,0.51,9.9,5
1402,0.3,0.42,0.82,11.9,6
1404,0.5,0.39,0.62,10.7,6
1405,0.28,0.3,0.9,11.3,7
1406,0.24,0.34,0.94,10.9,6
1411,0.47,0.4,0.73,10.6,6
1412,0.24,0.34,0.94,10.9,6
1413,0.57,0.25,0.9,10.1,5
1414,0.32,0.59,0.78,9.6,5
1415,0.58,0.0,0.84,9.4,5
1416,0.32,0.59,0.78,9.6,5
1417,0.34,0.33,0.77,12.1,7
1418,0.53,0.01,0.46,9.8,5
1419,0.64,0.21,0.45,9.9,5
1420,0.53,0.01,0.46,9.8,5
1421,0.4,0.18,0.58,9.4,5
1422,0.54,0.0,0.84,11.4,6
1423,0.53,0.09,0.67,11.0,4
1424,0.26,0.37,0.7,9.6,6
1425,0.26,0.37,0.7,9.6,6
1426,0.23,0.37,0.71,12.1,6
1427,0.41,0.33,0.58,11.2,5
1428,0.64,0.0,0.63,11.0,5
1429,0.18,0.4,0.93,11.3,5
1430,0.41,0.24,0.62,10.4,5
1431,0.43,0.31,0.54,9.9,6
1432,0.44,0.0,0.85,11.7,6
1433,0.4,0.16,0.74,10.1,7
1434,0.54,0.37,0.77,9.0,6
1435,0.54,0.37,0.77,9.0,6
1436,0.38,0.38,0.65,8.5,5
1437,0.915,0.29,0.54,11.1,5
1438,0.59,0.0,0.47,10.3,5
1439,0.67,0.02,0.68,11.0666666666667,6
1440,0.37,0.32,0.73,11.3,7
1441,0.785,0.19,0.52,9.56666666666667,6
1442,0.63,0.02,0.75,9.8,5
1443,0.58,0.2,0.49,11.7,5
1444,0.67,0.02,0.68,11.1,6
1445,0.785,0.19,0.52,9.6,6
1446,0.63,0.02,0.75,9.8,5
1447,0.67,0.0,0.74,9.7,5
1448,0.58,0.01,0.73,9.7,5
1449,0.38,0.31,0.76,11.3,8
1450,0.37,0.32,0.73,11.3,7
1451,0.32,0.44,0.78,11.0,7
1452,0.58,0.02,0.76,11.6,7
1453,0.49,0.33,0.58,9.0,5
1454,0.45,0.63,0.69,10.9,6
1455,0.9,0.0,0.63,10.9,6
1456,0.54,0.06,0.5,10.55,6
1457,0.49,0.33,0.58,9.0,5
1458,0.29,0.4,0.6,10.5,5
1459,0.2,0.35,0.8,11.9,7
1460,0.42,0.09,0.68,10.4,6
1461,0.785,0.0,0.61,10.0,4
1462,0.64,0.03,0.58,10.4,6
1463,0.63,0.01,0.53,10.8,6
1464,0.59,0.1,0.67,9.7,5
1465,0.59,0.1,0.67,9.7,5
1466,0.48,0.32,0.65,10.0,7
1468,0.48,0.32,0.65,10.0,7
1469,0.98,0.05,0.55,9.7,3
1470,0.69,0.11,0.47,9.7,5
1471,0.7,0.08,0.52,12.6,5
1472,0.35,0.6,0.79,11.1,6
1473,0.6,0.08,0.54,11.0,5
1474,0.5,0.5,0.75,8.8,5
1476,0.5,0.5,0.75,8.8,5
1478,0.875,0.05,0.52,10.2,3
1479,0.28,0.6,0.68,10.6,5
1480,0.62,0.03,0.62,10.1,4
1481,0.28,0.6,0.68,10.6,5
1482,0.58,0.54,0.57,10.3,4
1483,0.33,0.44,0.61,10.7,5
1484,0.91,0.06,0.64,10.9,4
1485,0.655,0.16,0.55,9.7,5
1486,0.68,0.21,0.6,10.3,5
1487,0.64,0.05,0.78,10.6,5
1488,0.54,0.04,0.58,11.4,5
1489,0.57,0.1,0.76,10.8,6
1490,0.22,0.49,0.56,12.4,6
1491,0.54,0.04,0.58,11.4,5
1492,0.65,0.06,0.54,11.95,5
1493,0.54,0.26,0.59,9.7,5
1494,0.31,0.09,0.7,10.0,7
1495,0.43,0.02,0.81,10.6,6
1496,0.54,0.26,0.59,9.7,5
1497,0.74,0.03,0.63,11.5,6
1498,0.895,0.04,0.58,10.8,6
1499,0.74,0.03,0.63,11.5,6
1500,0.725,0.04,0.53,9.6,5
1501,0.82,0.29,0.53,9.4,5
1502,0.585,0.18,0.54,9.8,5
1503,0.44,0.39,0.69,11.0,6
1504,0.38,0.57,0.55,11.4,6
1505,0.76,0.02,0.63,9.95,3
1506,0.81,0.05,0.66,10.8,6
1507,0.38,0.57,0.55,11.4,6
1508,0.27,0.6,0.72,10.6,6
1509,0.18,0.4,0.7,11.1,5
1510,0.36,0.21,0.77,9.7,6
1511,0.69,0.04,0.67,9.8,5
1512,0.79,0.04,0.65,10.4,6
1513,0.56,0.15,0.6,10.5,6
1514,0.84,0.21,0.72,9.23333333333333,6
1515,0.84,0.21,0.72,9.25,6
1516,0.32,0.25,0.97,10.6,5
1517,0.53,0.06,0.83,10.3,6
1518,0.47,0.46,0.63,10.5,5
1519,0.7,0.08,0.58,10.2,5
1520,0.53,0.06,0.83,10.3,6
1521,0.48,0.2,0.43,9.05,4
1522,0.32,0.25,0.97,10.6,5
1523,0.48,0.25,0.6,10.4,5
1524,0.42,0.19,0.78,10.0,6
1525,0.48,0.08,0.64,9.7,5
1526,0.47,0.08,0.65,9.6,6
1527,0.53,0.07,0.66,10.8,6
1528,0.29,0.49,0.67,10.1,6
1529,0.69,0.08,0.6,10.2,6
1530,0.44,0.09,0.69,11.3,6
1531,0.705,0.1,0.66,10.2,5
1532,0.53,0.13,0.68,9.9,6
1533,0.39,0.3,0.61,9.0,5
1534,0.56,0.14,0.62,11.7,7
1535,0.55,0.13,0.59,9.7,6
1536,0.53,0.08,0.68,10.3,6
1537,0.58,0.08,0.64,10.2,6
1538,0.64,0.09,0.63,12.0,5
1539,0.39,0.32,0.78,9.9,5
1540,0.52,0.08,0.63,11.6,6
1541,0.25,0.29,0.76,10.9,7
1542,0.855,0.02,0.56,10.75,6
1543,0.44,0.42,0.57,10.4,6
1544,0.37,0.43,0.81,11.2,7
1545,0.63,0.33,0.64,10.1,6
1546,0.57,0.02,0.61,10.2,5
1547,0.6,0.1,0.51,12.1,5
1548,0.4,0.5,0.58,10.4,5
1549,0.36,0.3,0.7,11.4,8
1550,0.68,0.0,0.53,9.5,5
1551,0.67,0.0,0.54,9.4,5
1552,0.68,0.01,0.66,11.3,6
1553,0.735,0.0,0.6,9.4,5
1554,0.855,0.02,0.6,11.0,6
1555,0.56,0.17,0.68,10.55,7
1556,0.88,0.04,0.56,9.9,5
1557,0.855,0.02,0.6,11.0,6
1558,0.63,0.33,0.56,9.5,5
1559,0.6,0.26,0.52,9.9,5
1560,0.6,0.26,0.52,9.9,5
1561,0.6,0.26,0.52,9.9,5
1562,0.695,0.13,0.54,10.1,5
1563,0.695,0.13,0.54,10.1,5
1564,0.695,0.13,0.54,10.1,5
1565,0.67,0.02,0.82,10.9,6
1566,0.16,0.64,0.71,11.2,6
1567,0.695,0.13,0.54,10.1,5
1568,0.56,0.13,0.59,9.2,5
1569,0.51,0.14,0.57,11.5,6
1570,0.36,0.53,0.93,12.4,6
1571,0.38,0.14,0.65,11.1,6
1572,0.69,0.32,0.51,9.5,5
1573,0.58,0.2,0.67,12.5,6
1575,0.52,0.4,0.64,11.8,6
1576,0.3,0.63,0.78,10.8,6
1577,0.7,0.15,0.6,11.9,6
1578,0.67,0.15,0.67,11.3,6
1579,0.56,0.09,0.6,11.3,5
1580,0.35,0.33,0.6,11.9,6
1581,0.56,0.09,0.6,11.3,5
1582,0.715,0.1,0.5,11.9,5
1583,0.46,0.29,0.62,9.8,5
1584,0.32,0.44,0.8,11.6,7
1585,0.39,0.44,0.84,11.5,6
1586,0.31,0.41,0.85,11.4,6
1587,0.61,0.11,0.66,10.9,6
1589,0.725,0.2,0.54,9.2,5
1590,0.55,0.15,0.82,11.6,6
1591,0.74,0.09,0.56,11.6,6
1592,0.51,0.13,0.75,11.0,6
1593,0.62,0.08,0.82,9.5,6
1594,0.6,0.08,0.58,10.5,5
1595,0.55,0.1,0.76,11.2,6
1596,0.51,0.13,0.75,11.0,6
1597,0.645,0.12,0.71,10.2,5
1598,0.31,0.47,0.66,11.0,6
